insert into ship (mmsi, vesseltypeid, imo, callsign, shipname, currentcapacity, draft, length, width) values (210950000, 70, 'IMO9395044', 'C4SQ2', 'VARAMO', 'NA', 9.5, 166, 25);
insert into ship (mmsi, vesseltypeid, imo, callsign, shipname, currentcapacity, draft, length, width) values (212180000, 70, 'IMO9643544', '5BBA4', 'SAITA I', 'NA', 14.4, 228, 32);
insert into ship (mmsi, vesseltypeid, imo, callsign, shipname, currentcapacity, draft, length, width) values (212351000, 70, 'IMO9305685', '5BZP3', 'HYUNDAI SINGAPORE', '79', 14.5, 303, 40);
insert into ship (mmsi, vesseltypeid, imo, callsign, shipname, currentcapacity, draft, length, width) values (228339600, 70, 'IMO9450648', 'FLSU', 'CMA CGM ALMAVIVA', '79', 15, 334, 42);
insert into ship (mmsi, vesseltypeid, imo, callsign, shipname, currentcapacity, draft, length, width) values (229767000, 80, 'IMO9645970', '9HA3589', 'ARCTIC AURORA', 'NA', 12.5, 288, 44);
insert into ship (mmsi, vesseltypeid, imo, callsign, shipname, currentcapacity, draft, length, width) values (229961000, 70, 'IMO9700122', '9HA3752', 'ARABELLA', 'NA', 13.3, 199, 32);
insert into ship (mmsi, vesseltypeid, imo, callsign, shipname, currentcapacity, draft, length, width) values (235092459, 90, 'IMO9517575', '2FMJ5', 'STENA ICEMAX', 'NA', 12, 227, 42);
insert into ship (mmsi, vesseltypeid, imo, callsign, shipname, currentcapacity, draft, length, width) values (249047000, 60, 'IMO9192387', '9HJC9', 'CELEBRITY SUMMIT', 'NA', 8, 294, 32);
insert into ship (mmsi, vesseltypeid, imo, callsign, shipname, currentcapacity, draft, length, width) values (256304000, 70, 'IMO9344564', '9HA3880', 'OREGON TRADER', 'NA', 11.4, 211, 29);
insert into ship (mmsi, vesseltypeid, imo, callsign, shipname, currentcapacity, draft, length, width) values (256888000, 70, 'IMO9473028', '9HA2954', 'CMA CGM MELISANDE', '70', 14.7, 334, 42);
insert into ship (mmsi, vesseltypeid, imo, callsign, shipname, currentcapacity, draft, length, width) values (257881000, 70, 'IMO9701920', 'LATO7', 'SPAR ARIES', 'NA', 13.3, 199, 32);
insert into ship (mmsi, vesseltypeid, imo, callsign, shipname, currentcapacity, draft, length, width) values (258692000, 80, 'IMO9321677', 'LAJB6', 'KRONVIKEN', 'NA', 14.9, 248, 43);
insert into ship (mmsi, vesseltypeid, imo, callsign, shipname, currentcapacity, draft, length, width) values (258692000, 80, 'IMO9321677', 'LAJB6', 'KRONVIKEN', 'NA', 14.9, 248, 43);
insert into ship (mmsi, vesseltypeid, imo, callsign, shipname, currentcapacity, draft, length, width) values (303221000, 30, 'IMO7819216', 'WDG5171', 'ARCTIC SEA', 'NA', 3, 37, 9);
insert into ship (mmsi, vesseltypeid, imo, callsign, shipname, currentcapacity, draft, length, width) values (303267000, 60, 'IMO6421086', 'WNGW', 'TUSTUMENA', 'NA', 4.4, 89, 18);
insert into ship (mmsi, vesseltypeid, imo, callsign, shipname, currentcapacity, draft, length, width) values (305176000, 70, 'IMO9344394', 'V2DD5', 'CELIA', '70', 5.6, 100, 15);
insert into ship (mmsi, vesseltypeid, imo, callsign, shipname, currentcapacity, draft, length, width) values (305373000, 70, 'IMO9488645', 'V2EB3', 'BOREAS', 'NA', 7, 116, 18);
insert into ship (mmsi, vesseltypeid, imo, callsign, shipname, currentcapacity, draft, length, width) values (636019825, 79, 'IMO9222285', 'D5WI6', 'CONTI LYON', '79', 9.2, 300, 40);
insert into ship (mmsi, vesseltypeid, imo, callsign, shipname, currentcapacity, draft, length, width) values (636091400, 70, 'IMO9373486', 'A8ND5', 'RHL AGILITAS', '71', 10.9, 176, 27);
insert into ship (mmsi, vesseltypeid, imo, callsign, shipname, currentcapacity, draft, length, width) values (636092932, 79, 'IMO9225641', 'D5VK6', 'MSC ILONA', '79', 11.8, 299, 40);

-- 20 ships inserted

insert into shipposition (basedatetime, latitude, longitude, mmsi, sog, cog, heading, transceiver) values ( 31/12/2020 17:19 , 42.97875, -66.97001, 210950000, 12.9, 13.1, 355,  B );
insert into shipposition (basedatetime, latitude, longitude, mmsi, sog, cog, heading, transceiver) values ( 31/12/2020 17:03 , 42.92236, -66.97243, 210950000, 12.5, 2.4, 358,  B );
insert into shipposition (basedatetime, latitude, longitude, mmsi, sog, cog, heading, transceiver) values ( 31/12/2020 16:20 , 42.7698, -66.9759, 210950000, 13.3, 3.7, 356,  B );
insert into shipposition (basedatetime, latitude, longitude, mmsi, sog, cog, heading, transceiver) values ( 31/12/2020 17:16 , 42.96912, -66.97061, 210950000, 12.7, -55.4, 358,  B );
insert into shipposition (basedatetime, latitude, longitude, mmsi, sog, cog, heading, transceiver) values ( 31/12/2020 17:13 , 42.95969, -66.97106, 210950000, 12.9, 8.1, 358,  B );
insert into shipposition (basedatetime, latitude, longitude, mmsi, sog, cog, heading, transceiver) values ( 31/12/2020 16:34 , 42.82021, -66.9758, 210950000, 13, -55, 356,  A );
insert into shipposition (basedatetime, latitude, longitude, mmsi, sog, cog, heading, transceiver) values ( 31/12/2020 16:40 , 42.84366, -66.97571, 210950000, 13, -49.7, 356,  B );
insert into shipposition (basedatetime, latitude, longitude, mmsi, sog, cog, heading, transceiver) values ( 31/12/2020 16:00 , 42.69577, -66.97808, 210950000, 13.7, -54.8, 357,  B );
insert into shipposition (basedatetime, latitude, longitude, mmsi, sog, cog, heading, transceiver) values ( 31/12/2020 17:07 , 42.93874, -66.97208, 210950000, 13.1, 2.6, 359,  B );
insert into shipposition (basedatetime, latitude, longitude, mmsi, sog, cog, heading, transceiver) values ( 31/12/2020 16:12 , 42.73879, -66.97726, 210950000, 13.4, 3.4, 357,  B );
insert into shipposition (basedatetime, latitude, longitude, mmsi, sog, cog, heading, transceiver) values ( 31/12/2020 17:15 , 42.96527, -66.97082, 210950000, 12.8, -58.6, 358,  B );
insert into shipposition (basedatetime, latitude, longitude, mmsi, sog, cog, heading, transceiver) values ( 31/12/2020 16:22 , 42.77682, -66.9756, 210950000, 13.2, -53.3, 358,  B );
insert into shipposition (basedatetime, latitude, longitude, mmsi, sog, cog, heading, transceiver) values ( 31/12/2020 17:10 , 42.94963, -66.97151, 210950000, 13.4, 16.3, 358,  B );
insert into shipposition (basedatetime, latitude, longitude, mmsi, sog, cog, heading, transceiver) values ( 31/12/2020 16:32 , 42.81133, -66.97587, 210950000, 13.4, 10, 356,  B );
insert into shipposition (basedatetime, latitude, longitude, mmsi, sog, cog, heading, transceiver) values ( 31/12/2020 16:16 , 42.75527, -66.97665, 210950000, 13.7, -50.5, 357,  B );
insert into shipposition (basedatetime, latitude, longitude, mmsi, sog, cog, heading, transceiver) values ( 31/12/2020 16:04 , 42.71055, -66.97776, 210950000, 13.5, 1.4, 358,  B );
insert into shipposition (basedatetime, latitude, longitude, mmsi, sog, cog, heading, transceiver) values ( 31/12/2020 17:33 , 43.02665, -66.97076, 210950000, 12.5, 3.6, 354,  B );
insert into shipposition (basedatetime, latitude, longitude, mmsi, sog, cog, heading, transceiver) values ( 31/12/2020 17:09 , 42.9442, -66.97192, 210950000, 13.3, 4.2, 358,  B );
insert into shipposition (basedatetime, latitude, longitude, mmsi, sog, cog, heading, transceiver) values ( 31/12/2020 16:57 , 42.90195, -66.97326, 210950000, 12.8, 5.9, 357,  B );
insert into shipposition (basedatetime, latitude, longitude, mmsi, sog, cog, heading, transceiver) values ( 31/12/2020 18:31 , 43.22513, -66.96725, 210950000, 11.7, 5.5, 355,  B );
insert into shipposition (basedatetime, latitude, longitude, mmsi, sog, cog, heading, transceiver) values ( 31/12/2020 16:15 , 42.75007, -66.97689, 210950000, 13.6, 3, 357,  B );
insert into shipposition (basedatetime, latitude, longitude, mmsi, sog, cog, heading, transceiver) values ( 31/12/2020 16:52 , 42.8839, -66.97409, 210950000, 12.7, 2.5, 359,  B );
insert into shipposition (basedatetime, latitude, longitude, mmsi, sog, cog, heading, transceiver) values ( 31/12/2020 16:35 , 42.82527, -66.97577, 210950000, 13.1, -50.9, 356,  B );
insert into shipposition (basedatetime, latitude, longitude, mmsi, sog, cog, heading, transceiver) values ( 31/12/2020 16:28 , 42.7969, -66.97547, 210950000, 13, 4.2, 356,  B );
insert into shipposition (basedatetime, latitude, longitude, mmsi, sog, cog, heading, transceiver) values ( 31/12/2020 17:20 , 42.98271, -66.97009, 210950000, 12.4, -52, 354,  B );
insert into shipposition (basedatetime, latitude, longitude, mmsi, sog, cog, heading, transceiver) values ( 31/12/2020 19:37 , 24.34573, -85.12394, 212180000, 11.7, 119.9, 117,  A );
insert into shipposition (basedatetime, latitude, longitude, mmsi, sog, cog, heading, transceiver) values ( 31/12/2020 21:49 , 24.14301, -84.72268, 212180000, 11.7, 116.6, 114,  B );
insert into shipposition (basedatetime, latitude, longitude, mmsi, sog, cog, heading, transceiver) values ( 31/12/2020 20:17 , 24.28016, -85.00316, 212180000, 11.3, 120.8, 118,  B );
insert into shipposition (basedatetime, latitude, longitude, mmsi, sog, cog, heading, transceiver) values ( 31/12/2020 21:07 , 24.20221, -84.85411, 212180000, 11.3, 116.8, 117,  A );
insert into shipposition (basedatetime, latitude, longitude, mmsi, sog, cog, heading, transceiver) values ( 31/12/2020 22:10 , 24.11445, -84.65529, 212180000, 11.6, 113.3, 110,  B );
insert into shipposition (basedatetime, latitude, longitude, mmsi, sog, cog, heading, transceiver) values ( 31/12/2020 23:03 , 55.09307, -167.63625, 212351000, 3.5, -61.6, 232,  B );
insert into shipposition (basedatetime, latitude, longitude, mmsi, sog, cog, heading, transceiver) values ( 31/12/2020 00:34 , 28.30354, -88.78563, 228339600, 11.7, 129.9, 131,  B );
insert into shipposition (basedatetime, latitude, longitude, mmsi, sog, cog, heading, transceiver) values ( 31/12/2020 02:15 , 28.08366, -88.50578, 228339600, 11.5, 131, 131,  B );
insert into shipposition (basedatetime, latitude, longitude, mmsi, sog, cog, heading, transceiver) values ( 31/12/2020 00:25 , 28.32168, -88.81035, 228339600, 11.7, 128.3, 130,  B );
insert into shipposition (basedatetime, latitude, longitude, mmsi, sog, cog, heading, transceiver) values ( 31/12/2020 00:20 , 28.33263, -88.82491, 228339600, 11.8, 129.5, 131,  B );
insert into shipposition (basedatetime, latitude, longitude, mmsi, sog, cog, heading, transceiver) values ( 31/12/2020 01:22 , 28.19854, -88.65058, 228339600, 11.7, 130.3, 131,  B );
insert into shipposition (basedatetime, latitude, longitude, mmsi, sog, cog, heading, transceiver) values ( 31/12/2020 03:47 , 27.89788, -88.25001, 228339600, 11.7, 128.4, 129,  B );
insert into shipposition (basedatetime, latitude, longitude, mmsi, sog, cog, heading, transceiver) values ( 31/12/2020 01:24 , 28.19528, -88.64645, 228339600, 11.7, 130.8, 131,  B );
insert into shipposition (basedatetime, latitude, longitude, mmsi, sog, cog, heading, transceiver) values ( 31/12/2020 00:16 , 28.34134, -88.83706, 228339600, 11.9, 126.9, 129,  B );
insert into shipposition (basedatetime, latitude, longitude, mmsi, sog, cog, heading, transceiver) values ( 31/12/2020 03:16 , 27.95776, -88.33859, 228339600, 11.3, 128.2, 128,  B );
insert into shipposition (basedatetime, latitude, longitude, mmsi, sog, cog, heading, transceiver) values ( 31/12/2020 00:13 , 28.3484, -88.84688, 228339600, 12, 129, 130,  B );
insert into shipposition (basedatetime, latitude, longitude, mmsi, sog, cog, heading, transceiver) values ( 31/12/2020 00:15 , 28.34412, -88.84108, 228339600, 12, 128.3, 129,  B );
insert into shipposition (basedatetime, latitude, longitude, mmsi, sog, cog, heading, transceiver) values ( 31/12/2020 00:11 , 28.35085, -88.85024, 228339600, 12, 127.3, 130,  B );
insert into shipposition (basedatetime, latitude, longitude, mmsi, sog, cog, heading, transceiver) values ( 31/12/2020 00:54 , 28.26076, -88.7299, 228339600, 11.8, 131, 131,  B );
insert into shipposition (basedatetime, latitude, longitude, mmsi, sog, cog, heading, transceiver) values ( 31/12/2020 00:18 , 28.33618, -88.82967, 228339600, 11.9, 127.8, 131,  B );
insert into shipposition (basedatetime, latitude, longitude, mmsi, sog, cog, heading, transceiver) values ( 31/12/2020 02:30 , 28.05221, -88.46678, 228339600, 11.6, 130.9, 131,  B );
insert into shipposition (basedatetime, latitude, longitude, mmsi, sog, cog, heading, transceiver) values ( 31/12/2020 02:06 , 28.10335, -88.53051, 228339600, 11.6, 130.5, 131,  B );
insert into shipposition (basedatetime, latitude, longitude, mmsi, sog, cog, heading, transceiver) values ( 31/12/2020 00:00 , 28.37458, -88.88584, 228339600, 11.8, 124.6, 128,  B );
insert into shipposition (basedatetime, latitude, longitude, mmsi, sog, cog, heading, transceiver) values ( 31/12/2020 03:56 , 27.87869, -88.22321, 228339600, 11.7, 127.9, 128,  B );
insert into shipposition (basedatetime, latitude, longitude, mmsi, sog, cog, heading, transceiver) values ( 31/12/2020 02:29 , 28.05475, -88.46992, 228339600, 11.5, 131.1, 131,  B );
insert into shipposition (basedatetime, latitude, longitude, mmsi, sog, cog, heading, transceiver) values ( 31/12/2020 22:03 , 26.45021, -91.84957, 229767000, 19.4, -111.4, 297,  B );
insert into shipposition (basedatetime, latitude, longitude, mmsi, sog, cog, heading, transceiver) values ( 31/12/2020 22:01 , 26.44508, -91.83885, 229767000, 19.4, -111.7, 296,  B );
insert into shipposition (basedatetime, latitude, longitude, mmsi, sog, cog, heading, transceiver) values ( 31/12/2020 20:00 , 26.12391, -91.18216, 229767000, 20.1, -109.7, 299,  B );
insert into shipposition (basedatetime, latitude, longitude, mmsi, sog, cog, heading, transceiver) values ( 31/12/2020 20:02 , 26.12964, -91.19356, 229767000, 20.1, -110.9, 299,  B );
insert into shipposition (basedatetime, latitude, longitude, mmsi, sog, cog, heading, transceiver) values ( 31/12/2020 17:02 , 17.9662, -63.14557, 229857000, 1.3, 155.3, 88,  B );
insert into shipposition (basedatetime, latitude, longitude, mmsi, sog, cog, heading, transceiver) values ( 31/12/2020 21:17 , 17.94857, -63.14243, 229857000, 0.9, 145.9, 88,  B );
insert into shipposition (basedatetime, latitude, longitude, mmsi, sog, cog, heading, transceiver) values ( 31/12/2020 16:47 , 17.96995, -63.14873, 229857000, 1.4, 131.9, 78,  B );
insert into shipposition (basedatetime, latitude, longitude, mmsi, sog, cog, heading, transceiver) values ( 31/12/2020 17:08 , 17.96373, -63.14453, 229857000, 1.2, 155, 85,  B );
insert into shipposition (basedatetime, latitude, longitude, mmsi, sog, cog, heading, transceiver) values ( 31/12/2020 17:39 , 17.95542, -63.142, 229857000, 0.9, 194.5, 78,  B );
insert into shipposition (basedatetime, latitude, longitude, mmsi, sog, cog, heading, transceiver) values ( 31/12/2020 23:31 , 54.23188, -130.33667, 229961000, 0.1, 82.8, 0,  A );
insert into shipposition (basedatetime, latitude, longitude, mmsi, sog, cog, heading, transceiver) values ( 31/12/2020 23:28 , 54.23184, -130.33702, 229961000, 0.1, 34.6, 0,  A );
insert into shipposition (basedatetime, latitude, longitude, mmsi, sog, cog, heading, transceiver) values ( 31/12/2020 21:29 , 23.27468, -79.12974, 235092459, 0.2, 143.9, 111,  B );
insert into shipposition (basedatetime, latitude, longitude, mmsi, sog, cog, heading, transceiver) values ( 31/12/2020 18:50 , 25.74779, -78.29992, 249047000, 0, -100.1, 139,  A );
insert into shipposition (basedatetime, latitude, longitude, mmsi, sog, cog, heading, transceiver) values ( 31/12/2020 17:32 , 25.74787, -78.29997, 249047000, 0.1, 173.9, 142,  A );
insert into shipposition (basedatetime, latitude, longitude, mmsi, sog, cog, heading, transceiver) values ( 31/12/2020 10:20 , 25.74754, -78.29966, 249047000, 0.1, -170.3, 123,  A );
insert into shipposition (basedatetime, latitude, longitude, mmsi, sog, cog, heading, transceiver) values ( 31/12/2020 18:35 , 25.74774, -78.29988, 249047000, 0, 30, 138,  A );
insert into shipposition (basedatetime, latitude, longitude, mmsi, sog, cog, heading, transceiver) values ( 31/12/2020 17:50 , 25.74784, -78.29996, 249047000, 0, 165.3, 142,  A );
insert into shipposition (basedatetime, latitude, longitude, mmsi, sog, cog, heading, transceiver) values ( 31/12/2020 18:59 , 25.74774, -78.29988, 249047000, 0.1, -58, 139,  A );
insert into shipposition (basedatetime, latitude, longitude, mmsi, sog, cog, heading, transceiver) values ( 31/12/2020 09:05 , 25.74763, -78.29975, 249047000, 0, -91.7, 130,  A );
insert into shipposition (basedatetime, latitude, longitude, mmsi, sog, cog, heading, transceiver) values ( 31/12/2020 09:38 , 25.74757, -78.29971, 249047000, 0.1, -62.3, 124,  A );
insert into shipposition (basedatetime, latitude, longitude, mmsi, sog, cog, heading, transceiver) values ( 31/12/2020 15:44 , 24.0902, -84.93642, 256304000, 4.8, -145.4, 259,  B );
insert into shipposition (basedatetime, latitude, longitude, mmsi, sog, cog, heading, transceiver) values ( 31/12/2020 22:00 , 27.0003, -91.62468, 256888000, 14.8, -93.6, 314,  B );
insert into shipposition (basedatetime, latitude, longitude, mmsi, sog, cog, heading, transceiver) values ( 31/12/2020 22:01 , 27.00352, -91.62823, 256888000, 14.7, -95.6, 314,  B );
insert into shipposition (basedatetime, latitude, longitude, mmsi, sog, cog, heading, transceiver) values ( 31/12/2020 21:59 , 26.99882, -91.62308, 256888000, 14.7, -94.6, 315,  B );
insert into shipposition (basedatetime, latitude, longitude, mmsi, sog, cog, heading, transceiver) values ( 31/12/2020 22:03 , 27.01087, -91.63685, 256888000, 14.7, -95.6, 314,  B );
insert into shipposition (basedatetime, latitude, longitude, mmsi, sog, cog, heading, transceiver) values ( 31/12/2020 21:57 , 26.9937, -91.61775, 256888000, 14.8, -91.6, 316,  B );
insert into shipposition (basedatetime, latitude, longitude, mmsi, sog, cog, heading, transceiver) values ( 31/12/2020 21:34 , 26.92217, -91.5435, 256888000, 15, -93.6, 314,  B );
insert into shipposition (basedatetime, latitude, longitude, mmsi, sog, cog, heading, transceiver) values ( 31/12/2020 22:02 , 27.00748, -91.63287, 256888000, 14.7, -96.6, 313,  B );
insert into shipposition (basedatetime, latitude, longitude, mmsi, sog, cog, heading, transceiver) values ( 31/12/2020 22:01 , 23.90519, -84.15083, 257881000, 13.2, 118.1, 117,  B );
insert into shipposition (basedatetime, latitude, longitude, mmsi, sog, cog, heading, transceiver) values ( 31/12/2020 18:50 , 24.2153, -84.80182, 257881000, 12.2, 117.7, 113,  B );
insert into shipposition (basedatetime, latitude, longitude, mmsi, sog, cog, heading, transceiver) values ( 31/12/2020 21:37 , 23.94399, -84.23724, 257881000, 13.2, 116.6, 113,  B );
insert into shipposition (basedatetime, latitude, longitude, mmsi, sog, cog, heading, transceiver) values ( 31/12/2020 18:54 , 24.20834, -84.78753, 257881000, 12.2, 118.3, 113,  B );
insert into shipposition (basedatetime, latitude, longitude, mmsi, sog, cog, heading, transceiver) values ( 31/12/2020 18:38 , 24.23369, -84.84026, 257881000, 12, 117.2, 113,  B );
insert into shipposition (basedatetime, latitude, longitude, mmsi, sog, cog, heading, transceiver) values ( 31/12/2020 19:23 , 24.16206, -84.69464, 257881000, 12.1, 117.5, 112,  B );
insert into shipposition (basedatetime, latitude, longitude, mmsi, sog, cog, heading, transceiver) values ( 31/12/2020 03:53 , 27.86118, -78.01013, 258692000, 10.4, 73, 77,  B );
insert into shipposition (basedatetime, latitude, longitude, mmsi, sog, cog, heading, transceiver) values ( 31/12/2020 02:40 , 27.80105, -78.239, 258692000, 10.3, 72, 78,  B );
insert into shipposition (basedatetime, latitude, longitude, mmsi, sog, cog, heading, transceiver) values ( 31/12/2020 02:18 , 27.78238, -78.30668, 258692000, 10.4, 72, 78,  B );
insert into shipposition (basedatetime, latitude, longitude, mmsi, sog, cog, heading, transceiver) values ( 31/12/2020 02:32 , 27.79408, -78.26433, 258692000, 10.3, 72, 78,  B );
insert into shipposition (basedatetime, latitude, longitude, mmsi, sog, cog, heading, transceiver) values ( 31/12/2020 02:37 , 27.79903, -78.24627, 258692000, 10.3, 73, 78,  B );
insert into shipposition (basedatetime, latitude, longitude, mmsi, sog, cog, heading, transceiver) values ( 31/12/2020 03:17 , 27.83305, -78.12255, 258692000, 10.2, 74, 80,  B );
insert into shipposition (basedatetime, latitude, longitude, mmsi, sog, cog, heading, transceiver) values ( 31/12/2020 02:33 , 27.79535, -78.25963, 258692000, 10.3, 73, 78,  B );
insert into shipposition (basedatetime, latitude, longitude, mmsi, sog, cog, heading, transceiver) values ( 31/12/2020 03:41 , 27.85187, -78.04922, 258692000, 10.5, 74, 80,  B );
insert into shipposition (basedatetime, latitude, longitude, mmsi, sog, cog, heading, transceiver) values ( 31/12/2020 03:20 , 27.83512, -78.1149, 258692000, 10.3, 73, 80,  B );
insert into shipposition (basedatetime, latitude, longitude, mmsi, sog, cog, heading, transceiver) values ( 31/12/2020 02:19 , 27.78335, -78.30307, 258692000, 10.4, 73, 78,  B );
insert into shipposition (basedatetime, latitude, longitude, mmsi, sog, cog, heading, transceiver) values ( 31/12/2020 03:47 , 27.85623, -78.03073, 258692000, 10.5, 76, 80,  B );
insert into shipposition (basedatetime, latitude, longitude, mmsi, sog, cog, heading, transceiver) values ( 31/12/2020 03:12 , 27.82815, -78.13885, 258692000, 10.3, 71, 77,  B );
insert into shipposition (basedatetime, latitude, longitude, mmsi, sog, cog, heading, transceiver) values ( 31/12/2020 02:44 , 27.80468, -78.22573, 258692000, 10.2, 72, 78,  B );
insert into shipposition (basedatetime, latitude, longitude, mmsi, sog, cog, heading, transceiver) values ( 31/12/2020 02:09 , 27.77507, -78.33393, 258692000, 10.4, 74, 78,  A );
insert into shipposition (basedatetime, latitude, longitude, mmsi, sog, cog, heading, transceiver) values ( 31/12/2020 23:00 , 53.87876, -166.55202, 303221000, 0, -188.8, 511,  A );
insert into shipposition (basedatetime, latitude, longitude, mmsi, sog, cog, heading, transceiver) values ( 31/12/2020 23:51 , 53.87878, -166.55203, 303221000, 0, -197.3, 511,  A );
insert into shipposition (basedatetime, latitude, longitude, mmsi, sog, cog, heading, transceiver) values ( 31/12/2020 23:33 , 53.87875, -166.55201, 303221000, 0, 197.5, 511,  A );
insert into shipposition (basedatetime, latitude, longitude, mmsi, sog, cog, heading, transceiver) values ( 31/12/2020 23:39 , 53.87879, -166.55203, 303221000, 0, -167.2, 511,  A );
insert into shipposition (basedatetime, latitude, longitude, mmsi, sog, cog, heading, transceiver) values ( 31/12/2020 23:21 , 53.87878, -166.55199, 303221000, 0, -173.4, 511,  A );
insert into shipposition (basedatetime, latitude, longitude, mmsi, sog, cog, heading, transceiver) values ( 31/12/2020 23:54 , 53.87876, -166.55196, 303221000, 0, -175, 511,  A );
insert into shipposition (basedatetime, latitude, longitude, mmsi, sog, cog, heading, transceiver) values ( 31/12/2020 23:36 , 53.87876, -166.55202, 303221000, 0, -198.9, 511,  A );
insert into shipposition (basedatetime, latitude, longitude, mmsi, sog, cog, heading, transceiver) values ( 31/12/2020 23:57 , 53.87877, -166.552, 303221000, 0, 194.9, 511,  A );
insert into shipposition (basedatetime, latitude, longitude, mmsi, sog, cog, heading, transceiver) values ( 31/12/2020 23:42 , 53.87874, -166.552, 303221000, 0, -195.3, 511,  A );
insert into shipposition (basedatetime, latitude, longitude, mmsi, sog, cog, heading, transceiver) values ( 31/12/2020 23:30 , 53.87876, -166.55202, 303221000, 0, 195, 511,  A );
insert into shipposition (basedatetime, latitude, longitude, mmsi, sog, cog, heading, transceiver) values ( 31/12/2020 23:27 , 53.87877, -166.552, 303221000, 0, -201, 511,  A );
insert into shipposition (basedatetime, latitude, longitude, mmsi, sog, cog, heading, transceiver) values ( 31/12/2020 23:24 , 53.8788, -166.55203, 303221000, 0, 193.4, 511,  A );
insert into shipposition (basedatetime, latitude, longitude, mmsi, sog, cog, heading, transceiver) values ( 31/12/2020 23:15 , 53.87877, -166.55205, 303221000, 0, -102.7, 511,  A );
insert into shipposition (basedatetime, latitude, longitude, mmsi, sog, cog, heading, transceiver) values ( 31/12/2020 23:18 , 53.87879, -166.55205, 303221000, 0, -155.5, 511,  A );
insert into shipposition (basedatetime, latitude, longitude, mmsi, sog, cog, heading, transceiver) values ( 31/12/2020 23:45 , 53.87878, -166.55198, 303221000, 0, 193.2, 511,  A );
insert into shipposition (basedatetime, latitude, longitude, mmsi, sog, cog, heading, transceiver) values ( 31/12/2020 23:48 , 53.87876, -166.55199, 303221000, 0, -191.4, 511,  A );
insert into shipposition (basedatetime, latitude, longitude, mmsi, sog, cog, heading, transceiver) values ( 31/12/2020 23:09 , 53.87878, -166.55199, 303221000, 0, -122.7, 511,  A );
insert into shipposition (basedatetime, latitude, longitude, mmsi, sog, cog, heading, transceiver) values ( 31/12/2020 23:03 , 53.87877, -166.55202, 303221000, 0, -146.4, 511,  A );
insert into shipposition (basedatetime, latitude, longitude, mmsi, sog, cog, heading, transceiver) values ( 31/12/2020 23:06 , 53.87877, -166.55203, 303221000, 0, -163.2, 511,  A );
insert into shipposition (basedatetime, latitude, longitude, mmsi, sog, cog, heading, transceiver) values ( 31/12/2020 23:26 , 60.08477, -149.34998, 303267000, 0, -151.9, 511,  A );
insert into shipposition (basedatetime, latitude, longitude, mmsi, sog, cog, heading, transceiver) values ( 31/12/2020 23:32 , 60.08476, -149.34997, 303267000, 0, -139.2, 511,  A );
insert into shipposition (basedatetime, latitude, longitude, mmsi, sog, cog, heading, transceiver) values ( 31/12/2020 23:50 , 60.08476, -149.34998, 303267000, 0, -82.7, 511,  A );
insert into shipposition (basedatetime, latitude, longitude, mmsi, sog, cog, heading, transceiver) values ( 31/12/2020 23:08 , 60.08477, -149.34998, 303267000, 0, -149.3, 511,  A );
insert into shipposition (basedatetime, latitude, longitude, mmsi, sog, cog, heading, transceiver) values ( 31/12/2020 23:23 , 60.08477, -149.34998, 303267000, 0, -131.3, 511,  A );
insert into shipposition (basedatetime, latitude, longitude, mmsi, sog, cog, heading, transceiver) values ( 31/12/2020 23:02 , 60.08477, -149.34998, 303267000, 0, 105.5, 511,  A );
insert into shipposition (basedatetime, latitude, longitude, mmsi, sog, cog, heading, transceiver) values ( 31/12/2020 23:14 , 60.08477, -149.34998, 303267000, 0, -127.1, 511,  A );
insert into shipposition (basedatetime, latitude, longitude, mmsi, sog, cog, heading, transceiver) values ( 31/12/2020 23:41 , 60.08476, -149.34998, 303267000, 0, -162.9, 511,  A );
insert into shipposition (basedatetime, latitude, longitude, mmsi, sog, cog, heading, transceiver) values ( 31/12/2020 23:05 , 60.08477, -149.34998, 303267000, 0, -132.4, 511,  A );
insert into shipposition (basedatetime, latitude, longitude, mmsi, sog, cog, heading, transceiver) values ( 31/12/2020 23:47 , 60.08476, -149.34998, 303267000, 0, 109.9, 511,  A );
insert into shipposition (basedatetime, latitude, longitude, mmsi, sog, cog, heading, transceiver) values ( 31/12/2020 23:56 , 60.08476, -149.34998, 303267000, 0, 123.6, 511,  A );
insert into shipposition (basedatetime, latitude, longitude, mmsi, sog, cog, heading, transceiver) values ( 31/12/2020 23:59 , 60.08476, -149.34997, 303267000, 0, 71.4, 511,  A );
insert into shipposition (basedatetime, latitude, longitude, mmsi, sog, cog, heading, transceiver) values ( 31/12/2020 23:38 , 60.08476, -149.34998, 303267000, 0, -93.5, 511,  A );
insert into shipposition (basedatetime, latitude, longitude, mmsi, sog, cog, heading, transceiver) values ( 31/12/2020 23:53 , 60.08476, -149.34998, 303267000, 0, 130.3, 511,  A );
insert into shipposition (basedatetime, latitude, longitude, mmsi, sog, cog, heading, transceiver) values ( 31/12/2020 23:17 , 60.08477, -149.34998, 303267000, 0, -115.9, 511,  A );
insert into shipposition (basedatetime, latitude, longitude, mmsi, sog, cog, heading, transceiver) values ( 31/12/2020 23:44 , 60.08476, -149.34998, 303267000, 0, 82.9, 511,  A );
insert into shipposition (basedatetime, latitude, longitude, mmsi, sog, cog, heading, transceiver) values ( 31/12/2020 23:20 , 60.08477, -149.34998, 303267000, 0, -100.3, 511,  A );
insert into shipposition (basedatetime, latitude, longitude, mmsi, sog, cog, heading, transceiver) values ( 31/12/2020 23:11 , 60.08477, -149.34998, 303267000, 0, -85.3, 511,  A );
insert into shipposition (basedatetime, latitude, longitude, mmsi, sog, cog, heading, transceiver) values ( 31/12/2020 23:35 , 60.08476, -149.34998, 303267000, 0, -123.1, 511,  A );
insert into shipposition (basedatetime, latitude, longitude, mmsi, sog, cog, heading, transceiver) values ( 31/12/2020 23:29 , 60.08476, -149.34997, 303267000, 0, -129.5, 511,  A );
insert into shipposition (basedatetime, latitude, longitude, mmsi, sog, cog, heading, transceiver) values ( 31/12/2020 14:36 , 27.52983, -77.6368, 305176000, 7, 139.3, 134,  B );
insert into shipposition (basedatetime, latitude, longitude, mmsi, sog, cog, heading, transceiver) values ( 31/12/2020 14:31 , 27.53741, -77.64431, 305176000, 7.2, 139.8, 135,  A );
insert into shipposition (basedatetime, latitude, longitude, mmsi, sog, cog, heading, transceiver) values ( 31/12/2020 14:34 , 27.53309, -77.64001, 305176000, 7.1, 139.6, 136,  B );
insert into shipposition (basedatetime, latitude, longitude, mmsi, sog, cog, heading, transceiver) values ( 31/12/2020 14:29 , 27.54012, -77.64705, 305176000, 7.4, 140.1, 134,  A );
insert into shipposition (basedatetime, latitude, longitude, mmsi, sog, cog, heading, transceiver) values ( 31/12/2020 08:16 , 23.15489, -82.36574, 305373000, 7.8, -75.6, 344,  B );
insert into shipposition (basedatetime, latitude, longitude, mmsi, sog, cog, heading, transceiver) values ( 31/12/2020 16:45 , 23.37555, -81.03043, 305373000, 7.8, 82.1, 88,  B );
insert into shipposition (basedatetime, latitude, longitude, mmsi, sog, cog, heading, transceiver) values ( 31/12/2020 09:29 , 27.25354, -127.77908, 305776000, 15.3, 66, 64,  B );
insert into shipposition (basedatetime, latitude, longitude, mmsi, sog, cog, heading, transceiver) values ( 31/12/2020 09:18 , 27.23593, -127.82214, 305776000, 14.6, 64.8, 66,  B );
insert into shipposition (basedatetime, latitude, longitude, mmsi, sog, cog, heading, transceiver) values ( 31/12/2020 09:30 , 27.25594, -127.77363, 305776000, 15.1, 65.7, 64,  B );
insert into shipposition (basedatetime, latitude, longitude, mmsi, sog, cog, heading, transceiver) values ( 31/12/2020 09:16 , 27.23129, -127.83372, 305776000, 15.3, 65.1, 65,  B );
insert into shipposition (basedatetime, latitude, longitude, mmsi, sog, cog, heading, transceiver) values ( 31/12/2020 18:56 , 25.83611, -78.50491, 309416000, 1.1, 34.1, 83,  A );
insert into shipposition (basedatetime, latitude, longitude, mmsi, sog, cog, heading, transceiver) values ( 31/12/2020 16:53 , 25.83657, -78.50441, 309416000, 0.8, -143.9, 146,  A );
insert into shipposition (basedatetime, latitude, longitude, mmsi, sog, cog, heading, transceiver) values ( 31/12/2020 23:35 , 54.27664, -164.10602, 636019825, 9.3, -133, 276,  B );
insert into shipposition (basedatetime, latitude, longitude, mmsi, sog, cog, heading, transceiver) values ( 31/12/2020 23:32 , 54.27531, -164.09338, 636019825, 9.5, -135.3, 275,  B );
insert into shipposition (basedatetime, latitude, longitude, mmsi, sog, cog, heading, transceiver) values ( 31/12/2020 23:49 , 54.28279, -164.16935, 636019825, 9.4, -129.5, 274,  B );
insert into shipposition (basedatetime, latitude, longitude, mmsi, sog, cog, heading, transceiver) values ( 31/12/2020 23:48 , 54.28232, -164.1642, 636019825, 9.8, -122.7, 274,  B );
insert into shipposition (basedatetime, latitude, longitude, mmsi, sog, cog, heading, transceiver) values ( 31/12/2020 23:45 , 54.28124, -164.15213, 636019825, 9.8, -125, 274,  B );
insert into shipposition (basedatetime, latitude, longitude, mmsi, sog, cog, heading, transceiver) values ( 31/12/2020 23:29 , 54.27402, -164.08163, 636019825, 9.5, -132.4, 276,  B );
insert into shipposition (basedatetime, latitude, longitude, mmsi, sog, cog, heading, transceiver) values ( 31/12/2020 23:55 , 54.28548, -164.19712, 636019825, 9, -132.6, 272,  B );
insert into shipposition (basedatetime, latitude, longitude, mmsi, sog, cog, heading, transceiver) values ( 31/12/2020 23:58 , 54.28661, -164.20854, 636019825, 9.2, -135.2, 273,  B );
insert into shipposition (basedatetime, latitude, longitude, mmsi, sog, cog, heading, transceiver) values ( 31/12/2020 23:56 , 54.28601, -164.20205, 636019825, 9.2, -128.5, 273,  B );
insert into shipposition (basedatetime, latitude, longitude, mmsi, sog, cog, heading, transceiver) values ( 31/12/2020 23:38 , 54.27817, -164.12098, 636019825, 9.7, -129.9, 275,  B );
insert into shipposition (basedatetime, latitude, longitude, mmsi, sog, cog, heading, transceiver) values ( 31/12/2020 23:36 , 54.27718, -164.11121, 636019825, 9.7, -129.1, 274,  B );
insert into shipposition (basedatetime, latitude, longitude, mmsi, sog, cog, heading, transceiver) values ( 31/12/2020 23:43 , 54.28062, -164.14533, 636019825, 10.1, -128.2, 274,  B );
insert into shipposition (basedatetime, latitude, longitude, mmsi, sog, cog, heading, transceiver) values ( 31/12/2020 23:39 , 54.27873, -164.12635, 636019825, 9.6, -135.2, 275,  B );
insert into shipposition (basedatetime, latitude, longitude, mmsi, sog, cog, heading, transceiver) values ( 31/12/2020 23:25 , 54.27169, -164.06092, 636019825, 9.7, -123.5, 276,  B );
insert into shipposition (basedatetime, latitude, longitude, mmsi, sog, cog, heading, transceiver) values ( 31/12/2020 23:53 , 54.28473, -164.18922, 636019825, 9.3, -132.6, 274,  B );
insert into shipposition (basedatetime, latitude, longitude, mmsi, sog, cog, heading, transceiver) values ( 31/12/2020 23:42 , 54.28012, -164.13995, 636019825, 9.9, -125.1, 274,  B );
insert into shipposition (basedatetime, latitude, longitude, mmsi, sog, cog, heading, transceiver) values ( 31/12/2020 23:41 , 54.27934, -164.13242, 636019825, 9.8, -127.6, 275,  B );
insert into shipposition (basedatetime, latitude, longitude, mmsi, sog, cog, heading, transceiver) values ( 31/12/2020 23:52 , 54.28424, -164.18409, 636019825, 9.7, -126.6, 273,  B );
insert into shipposition (basedatetime, latitude, longitude, mmsi, sog, cog, heading, transceiver) values ( 31/12/2020 23:21 , 54.26959, -164.04323, 636019825, 9.3, -134.3, 276,  B );
insert into shipposition (basedatetime, latitude, longitude, mmsi, sog, cog, heading, transceiver) values ( 31/12/2020 23:50 , 54.28322, -164.17438, 636019825, 9.3, -139.7, 274,  B );
insert into shipposition (basedatetime, latitude, longitude, mmsi, sog, cog, heading, transceiver) values ( 31/12/2020 23:22 , 54.27031, -164.04899, 636019825, 9.6, -125.5, 277,  B );
insert into shipposition (basedatetime, latitude, longitude, mmsi, sog, cog, heading, transceiver) values ( 31/12/2020 23:37 , 54.27767, -164.11569, 636019825, 9.8, -128.8, 275,  B );
insert into shipposition (basedatetime, latitude, longitude, mmsi, sog, cog, heading, transceiver) values ( 31/12/2020 23:51 , 54.28372, -164.17881, 636019825, 9.5, -122.2, 274,  B );
insert into shipposition (basedatetime, latitude, longitude, mmsi, sog, cog, heading, transceiver) values ( 31/12/2020 23:16 , 54.2674, -164.02421, 636019825, 9.5, -129.4, 276,  B );
insert into shipposition (basedatetime, latitude, longitude, mmsi, sog, cog, heading, transceiver) values ( 31/12/2020 23:31 , 54.27459, -164.08679, 636019825, 9.4, -132.8, 275,  B );
insert into shipposition (basedatetime, latitude, longitude, mmsi, sog, cog, heading, transceiver) values ( 31/12/2020 23:27 , 54.27307, -164.07348, 636019825, 9.5, -128.8, 276,  B );
insert into shipposition (basedatetime, latitude, longitude, mmsi, sog, cog, heading, transceiver) values ( 31/12/2020 18:26 , 23.07187, -83.53367, 636091400, 15.9, 66.2, 68,  B );
insert into shipposition (basedatetime, latitude, longitude, mmsi, sog, cog, heading, transceiver) values ( 31/12/2020 18:49 , 26.52601, -78.76733, 636092932, 0, -190.6, 219,  A );
insert into shipposition (basedatetime, latitude, longitude, mmsi, sog, cog, heading, transceiver) values ( 31/12/2020 21:20 , 26.52601, -78.76737, 636092932, 0, -190.6, 219,  A );
insert into shipposition (basedatetime, latitude, longitude, mmsi, sog, cog, heading, transceiver) values ( 31/12/2020 12:06 , 26.52605, -78.76731, 636092932, 0, -189.6, 220,  A );
insert into shipposition (basedatetime, latitude, longitude, mmsi, sog, cog, heading, transceiver) values ( 31/12/2020 19:01 , 26.52603, -78.76731, 636092932, 0, -190.6, 219,  A );

-- 180 ship positions inserted

insert into cargomanifest (cargomanifest_id) values ('78991');
insert into cargomanifest (cargomanifest_id) values ('34491');
insert into cargomanifest (cargomanifest_id) values ('78548');
insert into cargomanifest (cargomanifest_id) values ('48193');
insert into cargomanifest (cargomanifest_id) values ('34893');
insert into cargomanifest (cargomanifest_id) values ('3598');
insert into cargomanifest (cargomanifest_id) values ('52328');
insert into cargomanifest (cargomanifest_id) values ('96922');
insert into cargomanifest (cargomanifest_id) values ('53304');
insert into cargomanifest (cargomanifest_id) values ('25442');
insert into cargomanifest (cargomanifest_id) values ('83244');
insert into cargomanifest (cargomanifest_id) values ('93962');
insert into cargomanifest (cargomanifest_id) values ('16358');
insert into cargomanifest (cargomanifest_id) values ('67603');
insert into cargomanifest (cargomanifest_id) values ('69477');
insert into cargomanifest (cargomanifest_id) values ('80342');
insert into cargomanifest (cargomanifest_id) values ('9004');
insert into cargomanifest (cargomanifest_id) values ('12366');
insert into cargomanifest (cargomanifest_id) values ('59447');
insert into cargomanifest (cargomanifest_id) values ('47409');
insert into cargomanifest (cargomanifest_id) values ('79225');
insert into cargomanifest (cargomanifest_id) values ('54091');
insert into cargomanifest (cargomanifest_id) values ('2025');
insert into cargomanifest (cargomanifest_id) values ('9062');
insert into cargomanifest (cargomanifest_id) values ('45806');
insert into cargomanifest (cargomanifest_id) values ('62698');
insert into cargomanifest (cargomanifest_id) values ('71971');
insert into cargomanifest (cargomanifest_id) values ('19821');
insert into cargomanifest (cargomanifest_id) values ('91736');
insert into cargomanifest (cargomanifest_id) values ('57546');
insert into cargomanifest (cargomanifest_id) values ('73258');
insert into cargomanifest (cargomanifest_id) values ('30009');
insert into cargomanifest (cargomanifest_id) values ('64912');
insert into cargomanifest (cargomanifest_id) values ('77328');
insert into cargomanifest (cargomanifest_id) values ('11031');
insert into cargomanifest (cargomanifest_id) values ('37588');
insert into cargomanifest (cargomanifest_id) values ('66729');
insert into cargomanifest (cargomanifest_id) values ('62590');
insert into cargomanifest (cargomanifest_id) values ('87507');
insert into cargomanifest (cargomanifest_id) values ('57650');
insert into cargomanifest (cargomanifest_id) values ('82845');
insert into cargomanifest (cargomanifest_id) values ('39823');
insert into cargomanifest (cargomanifest_id) values ('64229');
insert into cargomanifest (cargomanifest_id) values ('85242');
insert into cargomanifest (cargomanifest_id) values ('86476');
insert into cargomanifest (cargomanifest_id) values ('89260');
insert into cargomanifest (cargomanifest_id) values ('45228');
insert into cargomanifest (cargomanifest_id) values ('723');
insert into cargomanifest (cargomanifest_id) values ('2163');
--50 cargo manifests inserted

insert into container (container_id, tare, gross, payload, isocode) values (3233585, 2.9, 23.48, 26.38, 3959);
insert into container (container_id, tare, gross, payload, isocode) values (1904747, 91.56, 39.78, 131.34, 2378);
insert into container (container_id, tare, gross, payload, isocode) values (3028348, 94.34, 73.34, 167.68, 3394);
insert into container (container_id, tare, gross, payload, isocode) values (2031434, 14.5, 98.38, 112.88, 3181);
insert into container (container_id, tare, gross, payload, isocode) values (9527611, 44.95, 22.01, 66.96, 1554);
insert into container (container_id, tare, gross, payload, isocode) values (9170179, 29, 99.07, 128.07, 4728);
insert into container (container_id, tare, gross, payload, isocode) values (1135325, 19.64, 17.04, 36.68, 4260);
insert into container (container_id, tare, gross, payload, isocode) values (2191134, 29.31, 73.77, 103.08, 1696);
insert into container (container_id, tare, gross, payload, isocode) values (6039821, 69.48, 73.49, 142.97, 3631);
insert into container (container_id, tare, gross, payload, isocode) values (2218822, 35.98, 3.65, 39.63, 2211);
insert into container (container_id, tare, gross, payload, isocode) values (3880751, 94.47, 38.51, 132.98, 3205);
insert into container (container_id, tare, gross, payload, isocode) values (2481560, 29.69, 83.28, 112.97, 4677);
insert into container (container_id, tare, gross, payload, isocode) values (2557466, 76.9, 75.44, 152.34, 1077);
insert into container (container_id, tare, gross, payload, isocode) values (8441953, 2.26, 84.99, 87.25, 4744);
insert into container (container_id, tare, gross, payload, isocode) values (4398641, 25.57, 5.11, 30.68, 4381);
insert into container (container_id, tare, gross, payload, isocode) values (4401199, 11.13, 27.24, 38.37, 3178);
insert into container (container_id, tare, gross, payload, isocode) values (7774948, 21.3, 99.72, 121.02, 3003);
insert into container (container_id, tare, gross, payload, isocode) values (1409459, 72.67, 7.53, 80.2, 1726);
insert into container (container_id, tare, gross, payload, isocode) values (8169639, 30.47, 59.72, 90.19, 1198);
insert into container (container_id, tare, gross, payload, isocode) values (3910872, 26.95, 44.59, 71.54, 3710);
insert into container (container_id, tare, gross, payload, isocode) values (5273773, 17.38, 71.44, 88.82, 4832);
insert into container (container_id, tare, gross, payload, isocode) values (9259672, 15.81, 54.64, 70.45, 1456);
insert into container (container_id, tare, gross, payload, isocode) values (3233819, 38.81, 12.76, 51.57, 3832);
insert into container (container_id, tare, gross, payload, isocode) values (9965499, 95.3, 35.97, 131.27, 4446);
insert into container (container_id, tare, gross, payload, isocode) values (7622237, 12.64, 88.02, 100.66, 2472);
insert into container (container_id, tare, gross, payload, isocode) values (735447, 11.74, 55.19, 66.93, 2052);
insert into container (container_id, tare, gross, payload, isocode) values (7070276, 24.25, 96.24, 120.49, 3789);
insert into container (container_id, tare, gross, payload, isocode) values (4025716, 7.95, 87.39, 95.34, 3214);
insert into container (container_id, tare, gross, payload, isocode) values (2641496, 19.68, 98.72, 118.4, 1422);
insert into container (container_id, tare, gross, payload, isocode) values (7937317, 22.76, 17.92, 40.68, 2661);
insert into container (container_id, tare, gross, payload, isocode) values (4268842, 56.53, 86.34, 142.87, 2608);
insert into container (container_id, tare, gross, payload, isocode) values (3067402, 61.09, 71.71, 132.8, 1712);
insert into container (container_id, tare, gross, payload, isocode) values (3145967, 86.02, 97.88, 183.9, 1764);
insert into container (container_id, tare, gross, payload, isocode) values (5817375, 18.36, 54.07, 72.43, 3578);
insert into container (container_id, tare, gross, payload, isocode) values (1319739, 39.8, 80.43, 120.23, 1825);
insert into container (container_id, tare, gross, payload, isocode) values (5012829, 3.81, 52.99, 56.8, 4054);
insert into container (container_id, tare, gross, payload, isocode) values (9337577, 10.68, 31.51, 42.19, 4499);
insert into container (container_id, tare, gross, payload, isocode) values (4174630, 6.9, 81.27, 88.17, 1513);
insert into container (container_id, tare, gross, payload, isocode) values (1039625, 37.14, 42.8, 79.94, 3233);
insert into container (container_id, tare, gross, payload, isocode) values (6778409, 10.28, 3.98, 14.26, 1914);
insert into container (container_id, tare, gross, payload, isocode) values (6792427, 76.83, 67.4, 144.23, 3187);
insert into container (container_id, tare, gross, payload, isocode) values (1955628, 54.65, 53.06, 107.71, 1294);
insert into container (container_id, tare, gross, payload, isocode) values (9105611, 2.3, 1.75, 4.05, 1732);
insert into container (container_id, tare, gross, payload, isocode) values (7349448, 24.18, 46.95, 71.13, 2436);
insert into container (container_id, tare, gross, payload, isocode) values (7676820, 93.72, 74.58, 168.3, 3340);
insert into container (container_id, tare, gross, payload, isocode) values (7768198, 38.35, 67.07, 105.42, 3435);
insert into container (container_id, tare, gross, payload, isocode) values (9825070, 55.87, 81.34, 137.21, 4765);
insert into container (container_id, tare, gross, payload, isocode) values (2470948, 35.98, 92.46, 128.44, 4813);
insert into container (container_id, tare, gross, payload, isocode) values (9812343, 85.09, 26.71, 111.8, 4610);
insert into container (container_id, tare, gross, payload, isocode) values (5293006, 17.04, 3.86, 20.9, 1001);
insert into container (container_id, tare, gross, payload, isocode) values (5946455, 60.78, 33.3, 94.08, 2385);
insert into container (container_id, tare, gross, payload, isocode) values (9975208, 10.52, 30.78, 41.3, 2245);
insert into container (container_id, tare, gross, payload, isocode) values (6345878, 33.49, 44.7, 78.19, 3227);
insert into container (container_id, tare, gross, payload, isocode) values (694654, 88.47, 57.84, 146.31, 1281);
insert into container (container_id, tare, gross, payload, isocode) values (8891316, 51.66, 60.81, 112.47, 1004);
insert into container (container_id, tare, gross, payload, isocode) values (3658769, 9.43, 78.79, 88.22, 4139);
insert into container (container_id, tare, gross, payload, isocode) values (4412557, 19.65, 8.16, 27.81, 3056);
insert into container (container_id, tare, gross, payload, isocode) values (9176793, 42.57, 78.39, 120.96, 2382);
insert into container (container_id, tare, gross, payload, isocode) values (5054890, 85.16, 59.93, 145.09, 2897);
insert into container (container_id, tare, gross, payload, isocode) values (960678, 59.1, 92.02, 151.12, 1064);
insert into container (container_id, tare, gross, payload, isocode) values (5120731, 17.52, 78.77, 96.29, 3744);
insert into container (container_id, tare, gross, payload, isocode) values (2797500, 26.92, 79.77, 106.69, 1498);
insert into container (container_id, tare, gross, payload, isocode) values (2512543, 30.81, 29.55, 60.36, 1018);
insert into container (container_id, tare, gross, payload, isocode) values (5614025, 55.76, 63.07, 118.83, 2607);
insert into container (container_id, tare, gross, payload, isocode) values (8716817, 40.86, 13.79, 54.65, 2665);
insert into container (container_id, tare, gross, payload, isocode) values (1140650, 86.47, 80.34, 166.81, 1444);
insert into container (container_id, tare, gross, payload, isocode) values (1604051, 32.04, 31.26, 63.3, 4604);
insert into container (container_id, tare, gross, payload, isocode) values (8567040, 44.05, 87.86, 131.91, 1104);
insert into container (container_id, tare, gross, payload, isocode) values (5890064, 27.93, 48.45, 76.38, 2212);
insert into container (container_id, tare, gross, payload, isocode) values (1002674, 37.5, 95.44, 132.94, 4823);
insert into container (container_id, tare, gross, payload, isocode) values (3992981, 62.89, 91.39, 154.28, 1671);
insert into container (container_id, tare, gross, payload, isocode) values (5822028, 61.97, 26.94, 88.91, 4612);
insert into container (container_id, tare, gross, payload, isocode) values (6257767, 68.72, 34.15, 102.87, 4639);
insert into container (container_id, tare, gross, payload, isocode) values (6645944, 77.14, 7.43, 84.57, 2278);
insert into container (container_id, tare, gross, payload, isocode) values (4459404, 30.32, 65.07, 95.39, 4411);
insert into container (container_id, tare, gross, payload, isocode) values (3207629, 92.79, 41.53, 134.32, 4452);
insert into container (container_id, tare, gross, payload, isocode) values (2292997, 37.97, 1.18, 39.15, 1212);
insert into container (container_id, tare, gross, payload, isocode) values (9404585, 74.58, 34.4, 108.98, 1658);
insert into container (container_id, tare, gross, payload, isocode) values (2625433, 59.96, 55.97, 115.93, 3799);
insert into container (container_id, tare, gross, payload, isocode) values (6901880, 25.76, 5.94, 31.7, 2965);
insert into container (container_id, tare, gross, payload, isocode) values (1843881, 9.06, 93.43, 102.49, 2314);
insert into container (container_id, tare, gross, payload, isocode) values (7552504, 23.5, 95.66, 119.16, 3763);
insert into container (container_id, tare, gross, payload, isocode) values (388089, 46.63, 81.88, 128.51, 1176);
insert into container (container_id, tare, gross, payload, isocode) values (4787993, 66.35, 22.38, 88.73, 4349);
insert into container (container_id, tare, gross, payload, isocode) values (260918, 98.06, 82.97, 181.03, 1897);
insert into container (container_id, tare, gross, payload, isocode) values (9358793, 1.78, 3.86, 5.64, 4743);
insert into container (container_id, tare, gross, payload, isocode) values (6718938, 70.32, 98.59, 168.91, 1370);
insert into container (container_id, tare, gross, payload, isocode) values (7845080, 55.77, 80.13, 135.9, 3533);
insert into container (container_id, tare, gross, payload, isocode) values (5900, 67.12, 66.02, 133.14, 2644);
insert into container (container_id, tare, gross, payload, isocode) values (845424, 87.58, 37.01, 124.59, 4309);
insert into container (container_id, tare, gross, payload, isocode) values (398230, 70.85, 29.04, 99.89, 3204);
insert into container (container_id, tare, gross, payload, isocode) values (4921493, 40.24, 41.45, 81.69, 4003);
insert into container (container_id, tare, gross, payload, isocode) values (6410310, 6.61, 19.8, 26.41, 1670);
insert into container (container_id, tare, gross, payload, isocode) values (5639416, 21.31, 98.37, 119.68, 4562);
insert into container (container_id, tare, gross, payload, isocode) values (7580474, 44.95, 76.57, 121.52, 2343);
insert into container (container_id, tare, gross, payload, isocode) values (7324790, 73.77, 47.16, 120.93, 4540);
insert into container (container_id, tare, gross, payload, isocode) values (8775420, 37.69, 8.25, 45.94, 3397);
insert into container (container_id, tare, gross, payload, isocode) values (1087083, 22.54, 32.31, 54.85, 3136);
insert into container (container_id, tare, gross, payload, isocode) values (4491675, 18.37, 23.29, 41.66, 3439);
insert into container (container_id, tare, gross, payload, isocode) values (165580, 57.66, 50.95, 108.61, 4114);
insert into container (container_id, tare, gross, payload, isocode) values (6130051, 48.37, 84.13, 132.5, 4026);
insert into container (container_id, tare, gross, payload, isocode) values (6458570, 90.91, 10.65, 101.56, 3229);
insert into container (container_id, tare, gross, payload, isocode) values (4612749, 61.14, 80.17, 141.31, 3338);
insert into container (container_id, tare, gross, payload, isocode) values (6829766, 62.28, 54.47, 116.75, 3002);
insert into container (container_id, tare, gross, payload, isocode) values (6097350, 36.59, 88.27, 124.86, 1465);
insert into container (container_id, tare, gross, payload, isocode) values (1228783, 94.21, 59.14, 153.35, 3281);
insert into container (container_id, tare, gross, payload, isocode) values (6538949, 3.4, 23.92, 27.32, 2742);
insert into container (container_id, tare, gross, payload, isocode) values (2669362, 5.13, 57.49, 62.62, 2280);
insert into container (container_id, tare, gross, payload, isocode) values (3489006, 57.26, 17.64, 74.9, 2589);
insert into container (container_id, tare, gross, payload, isocode) values (8093567, 82.68, 83.21, 165.89, 2202);
insert into container (container_id, tare, gross, payload, isocode) values (6374728, 52.39, 43.57, 95.96, 2785);
insert into container (container_id, tare, gross, payload, isocode) values (285905, 96.73, 31.59, 128.32, 2650);
insert into container (container_id, tare, gross, payload, isocode) values (3480266, 3.01, 59.23, 62.24, 3932);
insert into container (container_id, tare, gross, payload, isocode) values (3522989, 68.16, 8.9, 77.06, 4963);
insert into container (container_id, tare, gross, payload, isocode) values (4613049, 26.26, 4.08, 30.34, 1180);
insert into container (container_id, tare, gross, payload, isocode) values (3222498, 20.69, 89.53, 110.22, 2614);
insert into container (container_id, tare, gross, payload, isocode) values (5086596, 20.75, 81.77, 102.52, 2837);
insert into container (container_id, tare, gross, payload, isocode) values (4759066, 74.61, 23.47, 98.08, 4904);
insert into container (container_id, tare, gross, payload, isocode) values (4003869, 77.91, 22.32, 100.23, 2324);
insert into container (container_id, tare, gross, payload, isocode) values (2992623, 20.58, 67.67, 88.25, 3279);
insert into container (container_id, tare, gross, payload, isocode) values (641903, 36.32, 76.03, 112.35, 1361);
insert into container (container_id, tare, gross, payload, isocode) values (7595851, 56.51, 47.14, 103.65, 1577);
insert into container (container_id, tare, gross, payload, isocode) values (4759142, 87.17, 44.24, 131.41, 3320);
insert into container (container_id, tare, gross, payload, isocode) values (270754, 83.48, 88.61, 172.09, 3438);
insert into container (container_id, tare, gross, payload, isocode) values (9861077, 61.95, 14.09, 76.04, 4558);
insert into container (container_id, tare, gross, payload, isocode) values (8842084, 96.13, 25.74, 121.87, 1404);
insert into container (container_id, tare, gross, payload, isocode) values (7705181, 96.84, 20.4, 117.24, 2039);
insert into container (container_id, tare, gross, payload, isocode) values (8809891, 45.67, 42.44, 88.11, 1241);
insert into container (container_id, tare, gross, payload, isocode) values (8778723, 58.79, 7.47, 66.26, 1485);
insert into container (container_id, tare, gross, payload, isocode) values (4716315, 60.08, 32.28, 92.36, 3071);
insert into container (container_id, tare, gross, payload, isocode) values (5769172, 71.13, 6.02, 77.15, 4709);
insert into container (container_id, tare, gross, payload, isocode) values (1665807, 61.31, 17.73, 79.04, 1952);
insert into container (container_id, tare, gross, payload, isocode) values (840852, 92.07, 89.31, 181.38, 1455);
insert into container (container_id, tare, gross, payload, isocode) values (3567687, 81.74, 86.56, 168.3, 2862);
insert into container (container_id, tare, gross, payload, isocode) values (5037421, 91.54, 21.08, 112.62, 4522);
insert into container (container_id, tare, gross, payload, isocode) values (7839631, 39.89, 91.14, 131.03, 4685);
insert into container (container_id, tare, gross, payload, isocode) values (2741964, 1.66, 12.01, 13.67, 4988);
insert into container (container_id, tare, gross, payload, isocode) values (3290662, 10.15, 20.77, 30.92, 2437);
insert into container (container_id, tare, gross, payload, isocode) values (2033352, 45.26, 32.58, 77.84, 1300);
insert into container (container_id, tare, gross, payload, isocode) values (7998290, 55.5, 28.29, 83.79, 2357);
insert into container (container_id, tare, gross, payload, isocode) values (5937754, 69.28, 87.82, 157.1, 3568);
insert into container (container_id, tare, gross, payload, isocode) values (6436374, 85.72, 91.61, 177.33, 2183);
insert into container (container_id, tare, gross, payload, isocode) values (963019, 63.06, 74.36, 137.42, 2143);
insert into container (container_id, tare, gross, payload, isocode) values (2011862, 8.31, 7.37, 15.68, 4929);
insert into container (container_id, tare, gross, payload, isocode) values (6850733, 60.93, 64.29, 125.22, 2642);
insert into container (container_id, tare, gross, payload, isocode) values (9475253, 96.55, 19.18, 115.73, 4932);
insert into container (container_id, tare, gross, payload, isocode) values (7001139, 39.84, 97.1, 136.94, 2571);
insert into container (container_id, tare, gross, payload, isocode) values (8044084, 62.48, 77.81, 140.29, 2619);
insert into container (container_id, tare, gross, payload, isocode) values (2584995, 86.33, 46.1, 132.43, 4220);
insert into container (container_id, tare, gross, payload, isocode) values (8532813, 86.43, 62.77, 149.2, 4932);
insert into container (container_id, tare, gross, payload, isocode) values (2418905, 52.83, 81.83, 134.66, 3164);
insert into container (container_id, tare, gross, payload, isocode) values (9385641, 2.5, 71.7, 74.2, 3080);
insert into container (container_id, tare, gross, payload, isocode) values (8130908, 28.58, 82.7, 111.28, 3767);
insert into container (container_id, tare, gross, payload, isocode) values (8048681, 36.6, 84.5, 121.1, 1284);
insert into container (container_id, tare, gross, payload, isocode) values (2060406, 63.95, 38.4, 102.35, 1047);
insert into container (container_id, tare, gross, payload, isocode) values (2682149, 55.56, 8.94, 64.5, 1030);
insert into container (container_id, tare, gross, payload, isocode) values (5649436, 14.4, 58.08, 72.48, 4548);
insert into container (container_id, tare, gross, payload, isocode) values (1094225, 38.36, 54.72, 93.08, 3898);
insert into container (container_id, tare, gross, payload, isocode) values (8619501, 88.68, 30.52, 119.2, 1226);
insert into container (container_id, tare, gross, payload, isocode) values (8072980, 27.49, 13.33, 40.82, 3032);
insert into container (container_id, tare, gross, payload, isocode) values (1040882, 13.26, 83.81, 97.07, 4603);
insert into container (container_id, tare, gross, payload, isocode) values (1974757, 20.99, 36.01, 57, 4899);
insert into container (container_id, tare, gross, payload, isocode) values (1514529, 28.05, 24.25, 52.3, 2960);
insert into container (container_id, tare, gross, payload, isocode) values (6292947, 25.52, 27.52, 53.04, 4140);
insert into container (container_id, tare, gross, payload, isocode) values (7055212, 71.8, 74.68, 146.48, 3798);
insert into container (container_id, tare, gross, payload, isocode) values (7603538, 28.94, 44.09, 73.03, 4188);
insert into container (container_id, tare, gross, payload, isocode) values (5823979, 70.59, 71.19, 141.78, 2233);
insert into container (container_id, tare, gross, payload, isocode) values (1743254, 55.79, 62.52, 118.31, 2880);
insert into container (container_id, tare, gross, payload, isocode) values (5581989, 14.96, 65.63, 80.59, 1052);
insert into container (container_id, tare, gross, payload, isocode) values (6052816, 54.3, 90.28, 144.58, 3637);
insert into container (container_id, tare, gross, payload, isocode) values (4605110, 92.65, 35.1, 127.75, 3796);
insert into container (container_id, tare, gross, payload, isocode) values (4872288, 56.09, 69.73, 125.82, 3527);
insert into container (container_id, tare, gross, payload, isocode) values (5750478, 39.7, 28.72, 68.42, 1024);
insert into container (container_id, tare, gross, payload, isocode) values (8734306, 39.56, 8.76, 48.32, 3483);
insert into container (container_id, tare, gross, payload, isocode) values (6646013, 25.22, 2.52, 27.74, 3723);
insert into container (container_id, tare, gross, payload, isocode) values (7439302, 23, 58.99, 81.99, 2134);
insert into container (container_id, tare, gross, payload, isocode) values (85295, 9.98, 22.06, 32.04, 4462);
insert into container (container_id, tare, gross, payload, isocode) values (891969, 54.86, 92.05, 146.91, 2395);
insert into container (container_id, tare, gross, payload, isocode) values (1691867, 27.98, 75.07, 103.05, 3564);
insert into container (container_id, tare, gross, payload, isocode) values (6947534, 50.04, 4.35, 54.39, 4969);
insert into container (container_id, tare, gross, payload, isocode) values (1677850, 55.93, 72.02, 127.95, 2468);
insert into container (container_id, tare, gross, payload, isocode) values (5415442, 74.1, 45.59, 119.69, 1593);
insert into container (container_id, tare, gross, payload, isocode) values (4301809, 66.27, 14.88, 81.15, 3878);
insert into container (container_id, tare, gross, payload, isocode) values (1583404, 80.29, 2.84, 83.13, 4303);
insert into container (container_id, tare, gross, payload, isocode) values (4312896, 30.28, 23.22, 53.5, 3231);
insert into container (container_id, tare, gross, payload, isocode) values (8273396, 53.18, 5.4, 58.58, 2096);
insert into container (container_id, tare, gross, payload, isocode) values (6738835, 13.14, 10.36, 23.5, 2552);
insert into container (container_id, tare, gross, payload, isocode) values (2529872, 84.08, 1.76, 85.84, 2056);
insert into container (container_id, tare, gross, payload, isocode) values (2552032, 89.45, 97.49, 186.94, 1077);
insert into container (container_id, tare, gross, payload, isocode) values (4362886, 42.12, 1.7, 43.82, 2664);
insert into container (container_id, tare, gross, payload, isocode) values (5424058, 22.27, 15.66, 37.93, 3887);
insert into container (container_id, tare, gross, payload, isocode) values (556349, 94.32, 22.83, 117.15, 3932);
insert into container (container_id, tare, gross, payload, isocode) values (3341431, 64.28, 28.39, 92.67, 2345);
insert into container (container_id, tare, gross, payload, isocode) values (8873258, 52.51, 16.79, 69.3, 4102);
insert into container (container_id, tare, gross, payload, isocode) values (197586, 4.2, 39.1, 43.3, 1203);
insert into container (container_id, tare, gross, payload, isocode) values (2332604, 53.7, 87.75, 141.45, 2884);
insert into container (container_id, tare, gross, payload, isocode) values (3526166, 53.82, 53.01, 106.83, 3189);
insert into container (container_id, tare, gross, payload, isocode) values (4927071, 21.48, 79.51, 100.99, 1216);
insert into container (container_id, tare, gross, payload, isocode) values (8276491, 75.11, 46.59, 121.7, 2652);
insert into container (container_id, tare, gross, payload, isocode) values (3516357, 4.71, 54.55, 59.26, 1500);
insert into container (container_id, tare, gross, payload, isocode) values (311687, 79.05, 24.8, 103.85, 1046);
insert into container (container_id, tare, gross, payload, isocode) values (2567993, 44.24, 16.48, 60.72, 2979);
insert into container (container_id, tare, gross, payload, isocode) values (4026391, 35.86, 15.34, 51.2, 4569);
insert into container (container_id, tare, gross, payload, isocode) values (1162164, 23.35, 2.51, 25.86, 4599);
insert into container (container_id, tare, gross, payload, isocode) values (9182837, 47.4, 2.51, 49.91, 1853);
insert into container (container_id, tare, gross, payload, isocode) values (3434499, 68.86, 44.04, 112.9, 2054);
insert into container (container_id, tare, gross, payload, isocode) values (2609181, 17.03, 7.47, 24.5, 1717);
insert into container (container_id, tare, gross, payload, isocode) values (6532786, 67.73, 87.79, 155.52, 4525);
insert into container (container_id, tare, gross, payload, isocode) values (6686130, 16.14, 58.35, 74.49, 1437);
insert into container (container_id, tare, gross, payload, isocode) values (7302779, 70.27, 75.63, 145.9, 4498);
insert into container (container_id, tare, gross, payload, isocode) values (1431833, 23.27, 38.41, 61.68, 1781);
insert into container (container_id, tare, gross, payload, isocode) values (5661253, 37.27, 43.42, 80.69, 1955);
insert into container (container_id, tare, gross, payload, isocode) values (5752183, 31.1, 94.46, 125.56, 4792);
insert into container (container_id, tare, gross, payload, isocode) values (1240004, 55.05, 75.44, 130.49, 4135);
insert into container (container_id, tare, gross, payload, isocode) values (7849809, 37.26, 16.49, 53.75, 3035);
insert into container (container_id, tare, gross, payload, isocode) values (2256982, 51.81, 66.22, 118.03, 3986);
insert into container (container_id, tare, gross, payload, isocode) values (8992407, 83.72, 66.39, 150.11, 1218);
insert into container (container_id, tare, gross, payload, isocode) values (4985910, 7.43, 10.5, 17.93, 2707);
insert into container (container_id, tare, gross, payload, isocode) values (7098726, 47.5, 73.18, 120.68, 2261);
insert into container (container_id, tare, gross, payload, isocode) values (9804563, 30.51, 52.02, 82.53, 2291);
insert into container (container_id, tare, gross, payload, isocode) values (3575312, 16.47, 12.33, 28.8, 3341);
insert into container (container_id, tare, gross, payload, isocode) values (4778416, 17.48, 34.23, 51.71, 2918);
insert into container (container_id, tare, gross, payload, isocode) values (8815163, 28.3, 55.02, 83.32, 2199);
insert into container (container_id, tare, gross, payload, isocode) values (9503186, 30.87, 59.78, 90.65, 3666);
insert into container (container_id, tare, gross, payload, isocode) values (8676903, 45.7, 11.08, 56.78, 4165);
insert into container (container_id, tare, gross, payload, isocode) values (2996582, 99.05, 30.13, 129.18, 2754);
insert into container (container_id, tare, gross, payload, isocode) values (7571220, 82.21, 64.82, 147.03, 3062);
insert into container (container_id, tare, gross, payload, isocode) values (3515534, 67.93, 78.83, 146.76, 2063);
insert into container (container_id, tare, gross, payload, isocode) values (4940968, 54.78, 97.29, 152.07, 2800);
insert into container (container_id, tare, gross, payload, isocode) values (7948848, 97.56, 52.78, 150.34, 2358);
insert into container (container_id, tare, gross, payload, isocode) values (3455976, 50.42, 5.29, 55.71, 2510);
insert into container (container_id, tare, gross, payload, isocode) values (2585497, 78.93, 45.52, 124.45, 2813);
insert into container (container_id, tare, gross, payload, isocode) values (1312260, 1.15, 61.37, 62.52, 2256);
insert into container (container_id, tare, gross, payload, isocode) values (4760175, 73.64, 86.46, 160.1, 1584);
insert into container (container_id, tare, gross, payload, isocode) values (3270450, 3.88, 78.06, 81.94, 2315);
insert into container (container_id, tare, gross, payload, isocode) values (9773989, 19.1, 31.23, 50.33, 2001);
insert into container (container_id, tare, gross, payload, isocode) values (5801946, 75.48, 81.58, 157.06, 1570);
insert into container (container_id, tare, gross, payload, isocode) values (4847797, 25.1, 97.95, 123.05, 2904);
insert into container (container_id, tare, gross, payload, isocode) values (1161499, 52.34, 7.11, 59.45, 3861);
insert into container (container_id, tare, gross, payload, isocode) values (4032846, 90.79, 50.55, 141.34, 4157);
insert into container (container_id, tare, gross, payload, isocode) values (9393380, 57.48, 45.01, 102.49, 1264);
insert into container (container_id, tare, gross, payload, isocode) values (8563324, 9.3, 10.52, 19.82, 1862);
insert into container (container_id, tare, gross, payload, isocode) values (5205902, 54.85, 36.09, 90.94, 2712);
insert into container (container_id, tare, gross, payload, isocode) values (4785945, 20.63, 17.78, 38.41, 1690);
insert into container (container_id, tare, gross, payload, isocode) values (1935053, 82.79, 1.93, 84.72, 3188);
insert into container (container_id, tare, gross, payload, isocode) values (9954944, 33.49, 31.09, 64.58, 3700);
insert into container (container_id, tare, gross, payload, isocode) values (6724168, 46.45, 88.23, 134.68, 2282);
insert into container (container_id, tare, gross, payload, isocode) values (5718819, 79.96, 67.6, 147.56, 2088);
insert into container (container_id, tare, gross, payload, isocode) values (7230953, 17.07, 11.85, 28.92, 3340);
insert into container (container_id, tare, gross, payload, isocode) values (6069753, 34.76, 10.12, 44.88, 1636);
insert into container (container_id, tare, gross, payload, isocode) values (6835721, 49.53, 92.23, 141.76, 4488);
insert into container (container_id, tare, gross, payload, isocode) values (7237236, 53.01, 26.79, 79.8, 1880);
insert into container (container_id, tare, gross, payload, isocode) values (984994, 58.58, 56.02, 114.6, 3765);
insert into container (container_id, tare, gross, payload, isocode) values (3198359, 53.58, 63.22, 116.8, 4225);
insert into container (container_id, tare, gross, payload, isocode) values (3551513, 45.25, 48.99, 94.24, 1483);
insert into container (container_id, tare, gross, payload, isocode) values (3632777, 69.16, 19.77, 88.93, 1909);
insert into container (container_id, tare, gross, payload, isocode) values (9461016, 44.75, 8.66, 53.41, 3839);
insert into container (container_id, tare, gross, payload, isocode) values (6174142, 81.07, 48.28, 129.35, 3771);
insert into container (container_id, tare, gross, payload, isocode) values (1899481, 96.02, 56.11, 152.13, 3029);
insert into container (container_id, tare, gross, payload, isocode) values (8579707, 36.34, 94.66, 131, 1057);
insert into container (container_id, tare, gross, payload, isocode) values (4091442, 66.05, 84.79, 150.84, 2074);
insert into container (container_id, tare, gross, payload, isocode) values (2479391, 88.46, 92.15, 180.61, 2249);
insert into container (container_id, tare, gross, payload, isocode) values (8209961, 8.5, 52.15, 60.65, 4827);
insert into container (container_id, tare, gross, payload, isocode) values (2275248, 83.41, 1.47, 84.88, 3917);
insert into container (container_id, tare, gross, payload, isocode) values (7926005, 58.19, 95, 153.19, 2095);
insert into container (container_id, tare, gross, payload, isocode) values (9819650, 74.85, 29.29, 104.14, 4419);
insert into container (container_id, tare, gross, payload, isocode) values (3794208, 65.97, 99.9, 165.87, 2774);
insert into container (container_id, tare, gross, payload, isocode) values (8463820, 88.87, 30.23, 119.1, 1852);
insert into container (container_id, tare, gross, payload, isocode) values (7629440, 59.57, 86.15, 145.72, 1077);
insert into container (container_id, tare, gross, payload, isocode) values (4511252, 30.11, 65.07, 95.18, 2356);
insert into container (container_id, tare, gross, payload, isocode) values (2365463, 31.88, 16.69, 48.57, 1583);
insert into container (container_id, tare, gross, payload, isocode) values (5888945, 58.27, 60.35, 118.62, 4829);
insert into container (container_id, tare, gross, payload, isocode) values (3230250, 29.65, 6.41, 36.06, 4948);
insert into container (container_id, tare, gross, payload, isocode) values (5499823, 26.3, 91.81, 118.11, 1343);
insert into container (container_id, tare, gross, payload, isocode) values (8260371, 44.63, 29.78, 74.41, 4427);
insert into container (container_id, tare, gross, payload, isocode) values (7930527, 69.87, 77.75, 147.62, 1303);
insert into container (container_id, tare, gross, payload, isocode) values (4839086, 99.64, 17.12, 116.76, 2516);
insert into container (container_id, tare, gross, payload, isocode) values (747312, 24.77, 58.75, 83.52, 2640);
insert into container (container_id, tare, gross, payload, isocode) values (6634063, 33.96, 56.67, 90.63, 3665);
insert into container (container_id, tare, gross, payload, isocode) values (5889914, 75.16, 26.96, 102.12, 4179);
insert into container (container_id, tare, gross, payload, isocode) values (8528515, 68.39, 39.68, 108.07, 2737);
insert into container (container_id, tare, gross, payload, isocode) values (8007835, 51.79, 55.25, 107.04, 1304);
insert into container (container_id, tare, gross, payload, isocode) values (3579669, 55.73, 94.47, 150.2, 3980);
insert into container (container_id, tare, gross, payload, isocode) values (608753, 16.52, 76.29, 92.81, 3892);
insert into container (container_id, tare, gross, payload, isocode) values (5740604, 86.72, 8.63, 95.35, 2418);
insert into container (container_id, tare, gross, payload, isocode) values (3698697, 70.81, 44.29, 115.1, 3612);
insert into container (container_id, tare, gross, payload, isocode) values (6528438, 33.42, 62.24, 95.66, 4390);
insert into container (container_id, tare, gross, payload, isocode) values (8411291, 80.19, 97.43, 177.62, 4337);
insert into container (container_id, tare, gross, payload, isocode) values (9036724, 93.42, 12.94, 106.36, 2049);
insert into container (container_id, tare, gross, payload, isocode) values (4516982, 94.65, 29.15, 123.8, 1155);
insert into container (container_id, tare, gross, payload, isocode) values (9451336, 70.87, 26.64, 97.51, 4954);
insert into container (container_id, tare, gross, payload, isocode) values (1534886, 45.85, 43.47, 89.32, 3363);
insert into container (container_id, tare, gross, payload, isocode) values (3800048, 33.05, 88.95, 122, 2359);
insert into container (container_id, tare, gross, payload, isocode) values (1659861, 44.24, 63.44, 107.68, 4643);
insert into container (container_id, tare, gross, payload, isocode) values (4698397, 80.68, 88.81, 169.49, 3231);
insert into container (container_id, tare, gross, payload, isocode) values (4474993, 3.51, 4.26, 7.77, 4533);
insert into container (container_id, tare, gross, payload, isocode) values (5785213, 63.52, 70.01, 133.53, 2214);
insert into container (container_id, tare, gross, payload, isocode) values (673592, 22.27, 60.34, 82.61, 4243);
insert into container (container_id, tare, gross, payload, isocode) values (9010538, 54.94, 32.3, 87.24, 2119);
insert into container (container_id, tare, gross, payload, isocode) values (6551119, 3.67, 59.37, 63.04, 4422);
insert into container (container_id, tare, gross, payload, isocode) values (700979, 61.87, 30.95, 92.82, 1041);
insert into container (container_id, tare, gross, payload, isocode) values (9540037, 38.05, 47.5, 85.55, 2922);
insert into container (container_id, tare, gross, payload, isocode) values (9716158, 98.79, 79.84, 178.63, 4028);
insert into container (container_id, tare, gross, payload, isocode) values (6990963, 7.84, 53.43, 61.27, 2544);
insert into container (container_id, tare, gross, payload, isocode) values (7350910, 8.42, 76.27, 84.69, 1898);
insert into container (container_id, tare, gross, payload, isocode) values (9396281, 1.02, 8.61, 9.63, 1839);
insert into container (container_id, tare, gross, payload, isocode) values (8592913, 89.26, 98.39, 187.65, 4466);
insert into container (container_id, tare, gross, payload, isocode) values (4680518, 92.7, 20.2, 112.9, 3375);
insert into container (container_id, tare, gross, payload, isocode) values (8611065, 80.03, 32.67, 112.7, 4784);
insert into container (container_id, tare, gross, payload, isocode) values (779562, 60.6, 60.29, 120.89, 1353);
insert into container (container_id, tare, gross, payload, isocode) values (4928211, 93.1, 41.16, 134.26, 1804);
insert into container (container_id, tare, gross, payload, isocode) values (232531, 33.62, 95.04, 128.66, 4096);
insert into container (container_id, tare, gross, payload, isocode) values (8634564, 64.6, 34.38, 98.98, 2983);
insert into container (container_id, tare, gross, payload, isocode) values (5870585, 52.88, 34.75, 87.63, 2880);
insert into container (container_id, tare, gross, payload, isocode) values (7260677, 51.79, 66.56, 118.35, 1205);
insert into container (container_id, tare, gross, payload, isocode) values (8182661, 2.87, 29.09, 31.96, 3769);
insert into container (container_id, tare, gross, payload, isocode) values (1070602, 67.92, 58.85, 126.77, 4336);
insert into container (container_id, tare, gross, payload, isocode) values (1420078, 63.78, 45.93, 109.71, 2455);
insert into container (container_id, tare, gross, payload, isocode) values (1959915, 59.02, 98.19, 157.21, 4194);
insert into container (container_id, tare, gross, payload, isocode) values (4568601, 94.95, 41.9, 136.85, 3131);
insert into container (container_id, tare, gross, payload, isocode) values (5802135, 39.36, 33.54, 72.9, 1129);
insert into container (container_id, tare, gross, payload, isocode) values (1269991, 47.38, 87.62, 135, 4506);
insert into container (container_id, tare, gross, payload, isocode) values (2292999, 67.42, 7.4, 74.82, 2143);
insert into container (container_id, tare, gross, payload, isocode) values (9071633, 36.36, 41.45, 77.81, 1971);
insert into container (container_id, tare, gross, payload, isocode) values (1186799, 20.12, 33.88, 54, 1286);
insert into container (container_id, tare, gross, payload, isocode) values (329216, 44.01, 84.81, 128.82, 2420);
insert into container (container_id, tare, gross, payload, isocode) values (2588960, 56.2, 53.14, 109.34, 2400);
insert into container (container_id, tare, gross, payload, isocode) values (297196, 19.82, 94.5, 114.32, 4457);
insert into container (container_id, tare, gross, payload, isocode) values (6783681, 36.04, 3.21, 39.25, 3144);
insert into container (container_id, tare, gross, payload, isocode) values (3574239, 52.6, 4.33, 56.93, 3747);
insert into container (container_id, tare, gross, payload, isocode) values (1482442, 43.59, 76.67, 120.26, 2527);
insert into container (container_id, tare, gross, payload, isocode) values (1746713, 19.04, 12.28, 31.32, 3748);
insert into container (container_id, tare, gross, payload, isocode) values (9104861, 67.55, 91.16, 158.71, 4396);
insert into container (container_id, tare, gross, payload, isocode) values (4935044, 4.93, 77.9, 82.83, 4295);
insert into container (container_id, tare, gross, payload, isocode) values (9408878, 22.03, 48.8, 70.83, 2890);
insert into container (container_id, tare, gross, payload, isocode) values (8622404, 10.45, 15.89, 26.34, 3150);
insert into container (container_id, tare, gross, payload, isocode) values (6377855, 11.09, 9.38, 20.47, 1554);
insert into container (container_id, tare, gross, payload, isocode) values (6261837, 66.35, 84.19, 150.54, 1507);
insert into container (container_id, tare, gross, payload, isocode) values (1047708, 47.59, 38.75, 86.34, 2221);
insert into container (container_id, tare, gross, payload, isocode) values (9017543, 98.27, 70.91, 169.18, 1097);
insert into container (container_id, tare, gross, payload, isocode) values (9261055, 16.82, 43.9, 60.72, 2858);
insert into container (container_id, tare, gross, payload, isocode) values (5932935, 99.79, 26.79, 126.58, 3026);
insert into container (container_id, tare, gross, payload, isocode) values (3537971, 43.83, 90.11, 133.94, 4896);
insert into container (container_id, tare, gross, payload, isocode) values (6569869, 71.81, 15.92, 87.73, 1580);
insert into container (container_id, tare, gross, payload, isocode) values (6792283, 80.85, 76.75, 157.6, 2398);
insert into container (container_id, tare, gross, payload, isocode) values (8245159, 7.4, 90.77, 98.17, 2015);
insert into container (container_id, tare, gross, payload, isocode) values (7872799, 10.98, 85.9, 96.88, 3440);
insert into container (container_id, tare, gross, payload, isocode) values (3024089, 74.97, 4.54, 79.51, 2425);
insert into container (container_id, tare, gross, payload, isocode) values (7316065, 25.01, 32.16, 57.17, 4626);
insert into container (container_id, tare, gross, payload, isocode) values (1613915, 66.27, 18.07, 84.34, 2898);
insert into container (container_id, tare, gross, payload, isocode) values (7475343, 59.56, 50.43, 109.99, 3496);
insert into container (container_id, tare, gross, payload, isocode) values (8981309, 56.12, 69.66, 125.78, 1193);
insert into container (container_id, tare, gross, payload, isocode) values (461488, 89.95, 89.27, 179.22, 4469);
insert into container (container_id, tare, gross, payload, isocode) values (1921969, 55.8, 36.34, 92.14, 2758);
insert into container (container_id, tare, gross, payload, isocode) values (8431247, 35.53, 19.99, 55.52, 4791);
insert into container (container_id, tare, gross, payload, isocode) values (9718528, 16.27, 45.54, 61.81, 1273);
insert into container (container_id, tare, gross, payload, isocode) values (2039415, 50.28, 80.77, 131.05, 3491);
insert into container (container_id, tare, gross, payload, isocode) values (9123645, 77.06, 43.32, 120.38, 2301);
insert into container (container_id, tare, gross, payload, isocode) values (5522284, 62.8, 97.94, 160.74, 1262);
insert into container (container_id, tare, gross, payload, isocode) values (1751836, 67.57, 58.92, 126.49, 1600);
insert into container (container_id, tare, gross, payload, isocode) values (9141379, 56.72, 99.06, 155.78, 2217);
insert into container (container_id, tare, gross, payload, isocode) values (6129428, 56.3, 59.5, 115.8, 4125);
insert into container (container_id, tare, gross, payload, isocode) values (3408095, 85.71, 1.24, 86.95, 2852);
insert into container (container_id, tare, gross, payload, isocode) values (7363472, 96.73, 31.9, 128.63, 4181);
insert into container (container_id, tare, gross, payload, isocode) values (6435778, 57.43, 9.56, 66.99, 3717);
insert into container (container_id, tare, gross, payload, isocode) values (9884139, 19.19, 11.14, 30.33, 3484);
insert into container (container_id, tare, gross, payload, isocode) values (5510888, 62.91, 83.38, 146.29, 4677);
insert into container (container_id, tare, gross, payload, isocode) values (6136649, 61.42, 86.34, 147.76, 1637);
insert into container (container_id, tare, gross, payload, isocode) values (6124069, 41.12, 27.03, 68.15, 3546);
insert into container (container_id, tare, gross, payload, isocode) values (7175725, 72.76, 75.03, 147.79, 4890);
insert into container (container_id, tare, gross, payload, isocode) values (6132963, 42.57, 21.25, 63.82, 1862);
insert into container (container_id, tare, gross, payload, isocode) values (8670947, 13.9, 99.87, 113.77, 4742);
insert into container (container_id, tare, gross, payload, isocode) values (2363466, 9.77, 1.94, 11.71, 2977);
insert into container (container_id, tare, gross, payload, isocode) values (9645498, 87.38, 62.36, 149.74, 2256);
insert into container (container_id, tare, gross, payload, isocode) values (5759689, 89.34, 35.25, 124.59, 4361);
insert into container (container_id, tare, gross, payload, isocode) values (7561087, 10.65, 78.94, 89.59, 2236);
insert into container (container_id, tare, gross, payload, isocode) values (3864073, 64.87, 22.74, 87.61, 3600);
insert into container (container_id, tare, gross, payload, isocode) values (8129763, 55.52, 57.89, 113.41, 1644);
insert into container (container_id, tare, gross, payload, isocode) values (8480231, 61.82, 24.67, 86.49, 4015);
insert into container (container_id, tare, gross, payload, isocode) values (2583199, 70.06, 27.74, 97.8, 1042);
insert into container (container_id, tare, gross, payload, isocode) values (942275, 55.06, 90.83, 145.89, 4809);
insert into container (container_id, tare, gross, payload, isocode) values (9552, 75.42, 12.37, 87.79, 3891);
insert into container (container_id, tare, gross, payload, isocode) values (1105433, 13.18, 85.74, 98.92, 2481);
insert into container (container_id, tare, gross, payload, isocode) values (5759153, 69.93, 75.31, 145.24, 4889);
insert into container (container_id, tare, gross, payload, isocode) values (6514294, 76.44, 80.61, 157.05, 3550);
insert into container (container_id, tare, gross, payload, isocode) values (3275050, 92.76, 26.65, 119.41, 1694);
insert into container (container_id, tare, gross, payload, isocode) values (1534226, 95.38, 74.77, 170.15, 3098);
insert into container (container_id, tare, gross, payload, isocode) values (1731480, 15.33, 90.21, 105.54, 1767);
insert into container (container_id, tare, gross, payload, isocode) values (5942866, 91.77, 87.32, 179.09, 4370);
insert into container (container_id, tare, gross, payload, isocode) values (8652406, 76.3, 37.16, 113.46, 2460);
insert into container (container_id, tare, gross, payload, isocode) values (1367337, 48.99, 45.5, 94.49, 4617);
insert into container (container_id, tare, gross, payload, isocode) values (5358636, 28.81, 26.6, 55.41, 4093);
insert into container (container_id, tare, gross, payload, isocode) values (8177710, 70.81, 29.34, 100.15, 3901);
insert into container (container_id, tare, gross, payload, isocode) values (2432242, 34.23, 28.64, 62.87, 4037);
insert into container (container_id, tare, gross, payload, isocode) values (2104782, 20.58, 7.92, 28.5, 2202);
insert into container (container_id, tare, gross, payload, isocode) values (1540751, 58.95, 29.49, 88.44, 2533);
insert into container (container_id, tare, gross, payload, isocode) values (4627318, 72.6, 73.12, 145.72, 2168);
insert into container (container_id, tare, gross, payload, isocode) values (1155765, 78.06, 79.74, 157.8, 2395);
insert into container (container_id, tare, gross, payload, isocode) values (1077908, 94.82, 62.34, 157.16, 4120);
insert into container (container_id, tare, gross, payload, isocode) values (787448, 24.59, 97.02, 121.61, 4879);
--400 containers inserted

insert into containerincargomanifest (container_id, cargomanifest_id, temperature_kept) values (3233585, 78991, null);
insert into containerincargomanifest (container_id, cargomanifest_id, temperature_kept) values (1904747, 2025, null);
insert into containerincargomanifest (container_id, cargomanifest_id, temperature_kept) values (3028348, 47409, 23);
insert into containerincargomanifest (container_id, cargomanifest_id, temperature_kept) values (2031434, 93962, 13);
insert into containerincargomanifest (container_id, cargomanifest_id, temperature_kept) values (9527611, 34491, 6);
insert into containerincargomanifest (container_id, cargomanifest_id, temperature_kept) values (9170179, 39823, -29);
insert into containerincargomanifest (container_id, cargomanifest_id, temperature_kept) values (1135325, 39823, 19);
insert into containerincargomanifest (container_id, cargomanifest_id, temperature_kept) values (2191134, 69477, 18);
insert into containerincargomanifest (container_id, cargomanifest_id, temperature_kept) values (6039821, 9004, null);
insert into containerincargomanifest (container_id, cargomanifest_id, temperature_kept) values (2218822, 25442, 16);
insert into containerincargomanifest (container_id, cargomanifest_id, temperature_kept) values (3880751, 37588, -11);
insert into containerincargomanifest (container_id, cargomanifest_id, temperature_kept) values (2481560, 71971, null);
insert into containerincargomanifest (container_id, cargomanifest_id, temperature_kept) values (2557466, 9062, -27);
insert into containerincargomanifest (container_id, cargomanifest_id, temperature_kept) values (8441953, 78991, 20);
insert into containerincargomanifest (container_id, cargomanifest_id, temperature_kept) values (4398641, 25442, null);
insert into containerincargomanifest (container_id, cargomanifest_id, temperature_kept) values (4401199, 16358, -8);
insert into containerincargomanifest (container_id, cargomanifest_id, temperature_kept) values (7774948, 91736, 1);
insert into containerincargomanifest (container_id, cargomanifest_id, temperature_kept) values (1409459, 48193, 5);
insert into containerincargomanifest (container_id, cargomanifest_id, temperature_kept) values (8169639, 37588, -21);
insert into containerincargomanifest (container_id, cargomanifest_id, temperature_kept) values (3910872, 67603, null);
insert into containerincargomanifest (container_id, cargomanifest_id, temperature_kept) values (5273773, 87507, 24);
insert into containerincargomanifest (container_id, cargomanifest_id, temperature_kept) values (9259672, 47409, 17);
insert into containerincargomanifest (container_id, cargomanifest_id, temperature_kept) values (3233819, 9004, -9);
insert into containerincargomanifest (container_id, cargomanifest_id, temperature_kept) values (9965499, 62590, 24);
insert into containerincargomanifest (container_id, cargomanifest_id, temperature_kept) values (7622237, 64912, null);
insert into containerincargomanifest (container_id, cargomanifest_id, temperature_kept) values (735447, 62590, null);
insert into containerincargomanifest (container_id, cargomanifest_id, temperature_kept) values (7070276, 12366, 10);
insert into containerincargomanifest (container_id, cargomanifest_id, temperature_kept) values (4025716, 85242, -4);
insert into containerincargomanifest (container_id, cargomanifest_id, temperature_kept) values (2641496, 53304, 19);
insert into containerincargomanifest (container_id, cargomanifest_id, temperature_kept) values (7937317, 62590, 4);
insert into containerincargomanifest (container_id, cargomanifest_id, temperature_kept) values (4268842, 85242, -16);
insert into containerincargomanifest (container_id, cargomanifest_id, temperature_kept) values (3067402, 78548, -9);
insert into containerincargomanifest (container_id, cargomanifest_id, temperature_kept) values (3145967, 64912, -12);
insert into containerincargomanifest (container_id, cargomanifest_id, temperature_kept) values (5817375, 47409, -28);
insert into containerincargomanifest (container_id, cargomanifest_id, temperature_kept) values (1319739, 37588, -8);
insert into containerincargomanifest (container_id, cargomanifest_id, temperature_kept) values (5012829, 34491, 8);
insert into containerincargomanifest (container_id, cargomanifest_id, temperature_kept) values (9337577, 66729, -29);
insert into containerincargomanifest (container_id, cargomanifest_id, temperature_kept) values (4174630, 83244, null);
insert into containerincargomanifest (container_id, cargomanifest_id, temperature_kept) values (1039625, 96922, -12);
insert into containerincargomanifest (container_id, cargomanifest_id, temperature_kept) values (6778409, 2163, 17);
insert into containerincargomanifest (container_id, cargomanifest_id, temperature_kept) values (6792427, 62698, 3);
insert into containerincargomanifest (container_id, cargomanifest_id, temperature_kept) values (1955628, 30009, null);
insert into containerincargomanifest (container_id, cargomanifest_id, temperature_kept) values (9105611, 45228, 7);
insert into containerincargomanifest (container_id, cargomanifest_id, temperature_kept) values (7349448, 11031, 16);
insert into containerincargomanifest (container_id, cargomanifest_id, temperature_kept) values (7676820, 19821, null);
insert into containerincargomanifest (container_id, cargomanifest_id, temperature_kept) values (7768198, 62698, null);
insert into containerincargomanifest (container_id, cargomanifest_id, temperature_kept) values (9825070, 11031, 9);
insert into containerincargomanifest (container_id, cargomanifest_id, temperature_kept) values (2470948, 64912, 2);
insert into containerincargomanifest (container_id, cargomanifest_id, temperature_kept) values (9812343, 87507, -12);
insert into containerincargomanifest (container_id, cargomanifest_id, temperature_kept) values (5293006, 62698, 13);
insert into containerincargomanifest (container_id, cargomanifest_id, temperature_kept) values (5946455, 59447, null);
insert into containerincargomanifest (container_id, cargomanifest_id, temperature_kept) values (9975208, 69477, 6);
insert into containerincargomanifest (container_id, cargomanifest_id, temperature_kept) values (6345878, 89260, null);
insert into containerincargomanifest (container_id, cargomanifest_id, temperature_kept) values (694654, 52328, -12);
insert into containerincargomanifest (container_id, cargomanifest_id, temperature_kept) values (8891316, 78548, -24);
insert into containerincargomanifest (container_id, cargomanifest_id, temperature_kept) values (3658769, 34893, null);
insert into containerincargomanifest (container_id, cargomanifest_id, temperature_kept) values (4412557, 78548, -15);
insert into containerincargomanifest (container_id, cargomanifest_id, temperature_kept) values (9176793, 3598, -6);
insert into containerincargomanifest (container_id, cargomanifest_id, temperature_kept) values (5054890, 78548, 13);
insert into containerincargomanifest (container_id, cargomanifest_id, temperature_kept) values (960678, 93962, 5);
insert into containerincargomanifest (container_id, cargomanifest_id, temperature_kept) values (5120731, 45806, 17);
insert into containerincargomanifest (container_id, cargomanifest_id, temperature_kept) values (2797500, 2163, 4);
insert into containerincargomanifest (container_id, cargomanifest_id, temperature_kept) values (2512543, 37588, 3);
insert into containerincargomanifest (container_id, cargomanifest_id, temperature_kept) values (5614025, 86476, null);
insert into containerincargomanifest (container_id, cargomanifest_id, temperature_kept) values (8716817, 45228, 6);
insert into containerincargomanifest (container_id, cargomanifest_id, temperature_kept) values (1140650, 25442, null);
insert into containerincargomanifest (container_id, cargomanifest_id, temperature_kept) values (1604051, 47409, -25);
insert into containerincargomanifest (container_id, cargomanifest_id, temperature_kept) values (8567040, 79225, null);
insert into containerincargomanifest (container_id, cargomanifest_id, temperature_kept) values (5890064, 25442, 17);
insert into containerincargomanifest (container_id, cargomanifest_id, temperature_kept) values (1002674, 34893, null);
insert into containerincargomanifest (container_id, cargomanifest_id, temperature_kept) values (3992981, 96922, 0);
insert into containerincargomanifest (container_id, cargomanifest_id, temperature_kept) values (5822028, 66729, -8);
insert into containerincargomanifest (container_id, cargomanifest_id, temperature_kept) values (6257767, 2025, null);
insert into containerincargomanifest (container_id, cargomanifest_id, temperature_kept) values (6645944, 12366, null);
insert into containerincargomanifest (container_id, cargomanifest_id, temperature_kept) values (4459404, 54091, 12);
insert into containerincargomanifest (container_id, cargomanifest_id, temperature_kept) values (3207629, 83244, 20);
insert into containerincargomanifest (container_id, cargomanifest_id, temperature_kept) values (2292997, 87507, -3);
insert into containerincargomanifest (container_id, cargomanifest_id, temperature_kept) values (9404585, 52328, 22);
insert into containerincargomanifest (container_id, cargomanifest_id, temperature_kept) values (2625433, 71971, 11);
insert into containerincargomanifest (container_id, cargomanifest_id, temperature_kept) values (6901880, 16358, null);
insert into containerincargomanifest (container_id, cargomanifest_id, temperature_kept) values (1843881, 96922, 4);
insert into containerincargomanifest (container_id, cargomanifest_id, temperature_kept) values (7552504, 34491, -27);
insert into containerincargomanifest (container_id, cargomanifest_id, temperature_kept) values (388089, 3598, -7);
insert into containerincargomanifest (container_id, cargomanifest_id, temperature_kept) values (4787993, 34491, 19);
insert into containerincargomanifest (container_id, cargomanifest_id, temperature_kept) values (260918, 96922, -30);
insert into containerincargomanifest (container_id, cargomanifest_id, temperature_kept) values (9358793, 77328, 3);
insert into containerincargomanifest (container_id, cargomanifest_id, temperature_kept) values (6718938, 47409, 12);
insert into containerincargomanifest (container_id, cargomanifest_id, temperature_kept) values (7845080, 83244, 22);
insert into containerincargomanifest (container_id, cargomanifest_id, temperature_kept) values (5900, 73258, -21);
insert into containerincargomanifest (container_id, cargomanifest_id, temperature_kept) values (845424, 45806, -21);
insert into containerincargomanifest (container_id, cargomanifest_id, temperature_kept) values (398230, 2163, 25);
insert into containerincargomanifest (container_id, cargomanifest_id, temperature_kept) values (4921493, 9062, -5);
insert into containerincargomanifest (container_id, cargomanifest_id, temperature_kept) values (6410310, 91736, 0);
insert into containerincargomanifest (container_id, cargomanifest_id, temperature_kept) values (5639416, 64912, -3);
insert into containerincargomanifest (container_id, cargomanifest_id, temperature_kept) values (7580474, 34893, 13);
insert into containerincargomanifest (container_id, cargomanifest_id, temperature_kept) values (7324790, 48193, 6);
insert into containerincargomanifest (container_id, cargomanifest_id, temperature_kept) values (8775420, 9062, 24);
insert into containerincargomanifest (container_id, cargomanifest_id, temperature_kept) values (1087083, 87507, -16);
insert into containerincargomanifest (container_id, cargomanifest_id, temperature_kept) values (4491675, 34893, -12);
insert into containerincargomanifest (container_id, cargomanifest_id, temperature_kept) values (165580, 16358, 7);
insert into containerincargomanifest (container_id, cargomanifest_id, temperature_kept) values (6130051, 54561, -27);
insert into containerincargomanifest (container_id, cargomanifest_id, temperature_kept) values (6458570, 66729, null);
insert into containerincargomanifest (container_id, cargomanifest_id, temperature_kept) values (4612749, 78991, null);
insert into containerincargomanifest (container_id, cargomanifest_id, temperature_kept) values (6829766, 79225, -28);
insert into containerincargomanifest (container_id, cargomanifest_id, temperature_kept) values (6097350, 30009, null);
insert into containerincargomanifest (container_id, cargomanifest_id, temperature_kept) values (1228783, 9004, null);
insert into containerincargomanifest (container_id, cargomanifest_id, temperature_kept) values (6538949, 64229, null);
insert into containerincargomanifest (container_id, cargomanifest_id, temperature_kept) values (2669362, 11031, -17);
insert into containerincargomanifest (container_id, cargomanifest_id, temperature_kept) values (3489006, 91736, null);
insert into containerincargomanifest (container_id, cargomanifest_id, temperature_kept) values (8093567, 64912, null);
insert into containerincargomanifest (container_id, cargomanifest_id, temperature_kept) values (6374728, 45806, 6);
insert into containerincargomanifest (container_id, cargomanifest_id, temperature_kept) values (285905, 69477, 2);
insert into containerincargomanifest (container_id, cargomanifest_id, temperature_kept) values (3480266, 89260, 19);
insert into containerincargomanifest (container_id, cargomanifest_id, temperature_kept) values (3522989, 47409, 22);
insert into containerincargomanifest (container_id, cargomanifest_id, temperature_kept) values (4613049, 9004, -20);
insert into containerincargomanifest (container_id, cargomanifest_id, temperature_kept) values (3222498, 93962, 23);
insert into containerincargomanifest (container_id, cargomanifest_id, temperature_kept) values (5086596, 2163, -21);
insert into containerincargomanifest (container_id, cargomanifest_id, temperature_kept) values (4759066, 77328, -3);
insert into containerincargomanifest (container_id, cargomanifest_id, temperature_kept) values (4003869, 66729, 10);
insert into containerincargomanifest (container_id, cargomanifest_id, temperature_kept) values (2992623, 19821, 1);
insert into containerincargomanifest (container_id, cargomanifest_id, temperature_kept) values (641903, 62698, 7);
insert into containerincargomanifest (container_id, cargomanifest_id, temperature_kept) values (7595851, 37588, 18);
insert into containerincargomanifest (container_id, cargomanifest_id, temperature_kept) values (4759142, 96922, null);
insert into containerincargomanifest (container_id, cargomanifest_id, temperature_kept) values (270754, 66729, -20);
insert into containerincargomanifest (container_id, cargomanifest_id, temperature_kept) values (9861077, 93962, -17);
insert into containerincargomanifest (container_id, cargomanifest_id, temperature_kept) values (8842084, 34893, 18);
insert into containerincargomanifest (container_id, cargomanifest_id, temperature_kept) values (7705181, 80342, -29);
insert into containerincargomanifest (container_id, cargomanifest_id, temperature_kept) values (8809891, 62590, -11);
insert into containerincargomanifest (container_id, cargomanifest_id, temperature_kept) values (8778723, 3598, 5);
insert into containerincargomanifest (container_id, cargomanifest_id, temperature_kept) values (4716315, 96922, 9);
insert into containerincargomanifest (container_id, cargomanifest_id, temperature_kept) values (5769172, 30009, null);
insert into containerincargomanifest (container_id, cargomanifest_id, temperature_kept) values (1665807, 52328, null);
insert into containerincargomanifest (container_id, cargomanifest_id, temperature_kept) values (840852, 34491, -24);
insert into containerincargomanifest (container_id, cargomanifest_id, temperature_kept) values (3567687, 52328, 2);
insert into containerincargomanifest (container_id, cargomanifest_id, temperature_kept) values (5037421, 66729, 5);
insert into containerincargomanifest (container_id, cargomanifest_id, temperature_kept) values (7839631, 62698, -30);
insert into containerincargomanifest (container_id, cargomanifest_id, temperature_kept) values (2741964, 62590, null);
insert into containerincargomanifest (container_id, cargomanifest_id, temperature_kept) values (3290662, 89260, null);
insert into containerincargomanifest (container_id, cargomanifest_id, temperature_kept) values (2033352, 45806, null);
insert into containerincargomanifest (container_id, cargomanifest_id, temperature_kept) values (7998290, 19821, 25);
insert into containerincargomanifest (container_id, cargomanifest_id, temperature_kept) values (5937754, 62698, 22);
insert into containerincargomanifest (container_id, cargomanifest_id, temperature_kept) values (6436374, 48193, -13);
insert into containerincargomanifest (container_id, cargomanifest_id, temperature_kept) values (963019, 77328, -1);
insert into containerincargomanifest (container_id, cargomanifest_id, temperature_kept) values (2011862, 48193, 18);
insert into containerincargomanifest (container_id, cargomanifest_id, temperature_kept) values (6850733, 19821, null);
insert into containerincargomanifest (container_id, cargomanifest_id, temperature_kept) values (9475253, 83244, null);
insert into containerincargomanifest (container_id, cargomanifest_id, temperature_kept) values (7001139, 93962, 14);
insert into containerincargomanifest (container_id, cargomanifest_id, temperature_kept) values (8044084, 3598, null);
insert into containerincargomanifest (container_id, cargomanifest_id, temperature_kept) values (2584995, 86476, null);
insert into containerincargomanifest (container_id, cargomanifest_id, temperature_kept) values (8532813, 3598, 7);
insert into containerincargomanifest (container_id, cargomanifest_id, temperature_kept) values (2418905, 73258, -26);
insert into containerincargomanifest (container_id, cargomanifest_id, temperature_kept) values (9385641, 80342, -13);
insert into containerincargomanifest (container_id, cargomanifest_id, temperature_kept) values (8130908, 79225, 2);
insert into containerincargomanifest (container_id, cargomanifest_id, temperature_kept) values (8048681, 34491, 6);
insert into containerincargomanifest (container_id, cargomanifest_id, temperature_kept) values (2060406, 34491, null);
insert into containerincargomanifest (container_id, cargomanifest_id, temperature_kept) values (2682149, 9004, -13);
insert into containerincargomanifest (container_id, cargomanifest_id, temperature_kept) values (5649436, 34893, null);
insert into containerincargomanifest (container_id, cargomanifest_id, temperature_kept) values (1094225, 89260, 1);
insert into containerincargomanifest (container_id, cargomanifest_id, temperature_kept) values (8619501, 96922, null);
insert into containerincargomanifest (container_id, cargomanifest_id, temperature_kept) values (8072980, 57546, -28);
insert into containerincargomanifest (container_id, cargomanifest_id, temperature_kept) values (1040882, 19821, 19);
insert into containerincargomanifest (container_id, cargomanifest_id, temperature_kept) values (1974757, 59447, -25);
insert into containerincargomanifest (container_id, cargomanifest_id, temperature_kept) values (1514529, 48193, 25);
insert into containerincargomanifest (container_id, cargomanifest_id, temperature_kept) values (6292947, 73258, null);
insert into containerincargomanifest (container_id, cargomanifest_id, temperature_kept) values (7055212, 83244, -17);
insert into containerincargomanifest (container_id, cargomanifest_id, temperature_kept) values (7603538, 47409, 2);
insert into containerincargomanifest (container_id, cargomanifest_id, temperature_kept) values (5823979, 3598, null);
insert into containerincargomanifest (container_id, cargomanifest_id, temperature_kept) values (1743254, 16358, -20);
insert into containerincargomanifest (container_id, cargomanifest_id, temperature_kept) values (5581989, 73258, 8);
insert into containerincargomanifest (container_id, cargomanifest_id, temperature_kept) values (6052816, 19821, null);
insert into containerincargomanifest (container_id, cargomanifest_id, temperature_kept) values (4605110, 2163, 17);
insert into containerincargomanifest (container_id, cargomanifest_id, temperature_kept) values (4872288, 91736, -25);
insert into containerincargomanifest (container_id, cargomanifest_id, temperature_kept) values (5750478, 34491, null);
insert into containerincargomanifest (container_id, cargomanifest_id, temperature_kept) values (8734306, 53304, -17);
insert into containerincargomanifest (container_id, cargomanifest_id, temperature_kept) values (6646013, 66729, null);
insert into containerincargomanifest (container_id, cargomanifest_id, temperature_kept) values (7439302, 93962, 16);
insert into containerincargomanifest (container_id, cargomanifest_id, temperature_kept) values (85295, 37588, -4);
insert into containerincargomanifest (container_id, cargomanifest_id, temperature_kept) values (891969, 91736, 8);
insert into containerincargomanifest (container_id, cargomanifest_id, temperature_kept) values (1691867, 37588, 6);
insert into containerincargomanifest (container_id, cargomanifest_id, temperature_kept) values (6947534, 69477, 6);
insert into containerincargomanifest (container_id, cargomanifest_id, temperature_kept) values (1677850, 79225, 14);
insert into containerincargomanifest (container_id, cargomanifest_id, temperature_kept) values (5415442, 66729, -6);
insert into containerincargomanifest (container_id, cargomanifest_id, temperature_kept) values (4301809, 62590, null);
insert into containerincargomanifest (container_id, cargomanifest_id, temperature_kept) values (1583404, 57546, null);
insert into containerincargomanifest (container_id, cargomanifest_id, temperature_kept) values (4312896, 16358, -28);
insert into containerincargomanifest (container_id, cargomanifest_id, temperature_kept) values (8273396, 91736, 15);
insert into containerincargomanifest (container_id, cargomanifest_id, temperature_kept) values (6738835, 19821, 1);
insert into containerincargomanifest (container_id, cargomanifest_id, temperature_kept) values (2529872, 11031, 2);
insert into containerincargomanifest (container_id, cargomanifest_id, temperature_kept) values (2552032, 69477, null);
insert into containerincargomanifest (container_id, cargomanifest_id, temperature_kept) values (4362886, 87507, -14);
insert into containerincargomanifest (container_id, cargomanifest_id, temperature_kept) values (5424058, 93962, -4);
insert into containerincargomanifest (container_id, cargomanifest_id, temperature_kept) values (556349, 16358, null);
insert into containerincargomanifest (container_id, cargomanifest_id, temperature_kept) values (3341431, 79225, -20);
insert into containerincargomanifest (container_id, cargomanifest_id, temperature_kept) values (8873258, 77328, 20);
insert into containerincargomanifest (container_id, cargomanifest_id, temperature_kept) values (197586, 39823, 22);
insert into containerincargomanifest (container_id, cargomanifest_id, temperature_kept) values (2332604, 34893, -22);
insert into containerincargomanifest (container_id, cargomanifest_id, temperature_kept) values (3526166, 9004, -7);
insert into containerincargomanifest (container_id, cargomanifest_id, temperature_kept) values (4927071, 69477, -22);
insert into containerincargomanifest (container_id, cargomanifest_id, temperature_kept) values (8276491, 34491, 8);
insert into containerincargomanifest (container_id, cargomanifest_id, temperature_kept) values (3516357, 45806, -3);
insert into containerincargomanifest (container_id, cargomanifest_id, temperature_kept) values (311687, 57650, -18);
insert into containerincargomanifest (container_id, cargomanifest_id, temperature_kept) values (2567993, 64912, 0);
insert into containerincargomanifest (container_id, cargomanifest_id, temperature_kept) values (4026391, 723, null);
insert into containerincargomanifest (container_id, cargomanifest_id, temperature_kept) values (1162164, 3598, -24);
insert into containerincargomanifest (container_id, cargomanifest_id, temperature_kept) values (9182837, 89260, -27);
insert into containerincargomanifest (container_id, cargomanifest_id, temperature_kept) values (3434499, 64229, 18);
insert into containerincargomanifest (container_id, cargomanifest_id, temperature_kept) values (2609181, 45806, 1);
insert into containerincargomanifest (container_id, cargomanifest_id, temperature_kept) values (6532786, 78991, -16);
insert into containerincargomanifest (container_id, cargomanifest_id, temperature_kept) values (6686130, 80342, -27);
insert into containerincargomanifest (container_id, cargomanifest_id, temperature_kept) values (7302779, 54561, -11);
insert into containerincargomanifest (container_id, cargomanifest_id, temperature_kept) values (1431833, 66729, 16);
insert into containerincargomanifest (container_id, cargomanifest_id, temperature_kept) values (5661253, 47409, -1);
insert into containerincargomanifest (container_id, cargomanifest_id, temperature_kept) values (5752183, 59447, 21);
insert into containerincargomanifest (container_id, cargomanifest_id, temperature_kept) values (1240004, 57546, 11);
insert into containerincargomanifest (container_id, cargomanifest_id, temperature_kept) values (7849809, 2163, -13);
insert into containerincargomanifest (container_id, cargomanifest_id, temperature_kept) values (2256982, 54091, 21);
insert into containerincargomanifest (container_id, cargomanifest_id, temperature_kept) values (8992407, 47409, null);
insert into containerincargomanifest (container_id, cargomanifest_id, temperature_kept) values (4985910, 34491, null);
insert into containerincargomanifest (container_id, cargomanifest_id, temperature_kept) values (7098726, 83244, 19);
insert into containerincargomanifest (container_id, cargomanifest_id, temperature_kept) values (9804563, 53304, null);
insert into containerincargomanifest (container_id, cargomanifest_id, temperature_kept) values (3575312, 78548, 11);
insert into containerincargomanifest (container_id, cargomanifest_id, temperature_kept) values (4778416, 37588, -18);
insert into containerincargomanifest (container_id, cargomanifest_id, temperature_kept) values (8815163, 3598, 21);
insert into containerincargomanifest (container_id, cargomanifest_id, temperature_kept) values (9503186, 82845, 17);
insert into containerincargomanifest (container_id, cargomanifest_id, temperature_kept) values (8676903, 78548, -5);
insert into containerincargomanifest (container_id, cargomanifest_id, temperature_kept) values (2996582, 85242, null);
insert into containerincargomanifest (container_id, cargomanifest_id, temperature_kept) values (7571220, 78548, -13);
insert into containerincargomanifest (container_id, cargomanifest_id, temperature_kept) values (3515534, 87507, 20);
insert into containerincargomanifest (container_id, cargomanifest_id, temperature_kept) values (4940968, 47409, 18);
insert into containerincargomanifest (container_id, cargomanifest_id, temperature_kept) values (7948848, 53304, 24);
insert into containerincargomanifest (container_id, cargomanifest_id, temperature_kept) values (3455976, 83244, -9);
insert into containerincargomanifest (container_id, cargomanifest_id, temperature_kept) values (2585497, 87507, null);
insert into containerincargomanifest (container_id, cargomanifest_id, temperature_kept) values (1312260, 54091, -17);
insert into containerincargomanifest (container_id, cargomanifest_id, temperature_kept) values (4760175, 19821, 13);
insert into containerincargomanifest (container_id, cargomanifest_id, temperature_kept) values (3270450, 79225, -22);
insert into containerincargomanifest (container_id, cargomanifest_id, temperature_kept) values (9773989, 91736, 15);
insert into containerincargomanifest (container_id, cargomanifest_id, temperature_kept) values (5801946, 47409, 21);
insert into containerincargomanifest (container_id, cargomanifest_id, temperature_kept) values (4847797, 80342, 25);
insert into containerincargomanifest (container_id, cargomanifest_id, temperature_kept) values (1161499, 87507, -4);
insert into containerincargomanifest (container_id, cargomanifest_id, temperature_kept) values (4032846, 48193, 6);
insert into containerincargomanifest (container_id, cargomanifest_id, temperature_kept) values (9393380, 11031, 24);
insert into containerincargomanifest (container_id, cargomanifest_id, temperature_kept) values (8563324, 45228, -9);
insert into containerincargomanifest (container_id, cargomanifest_id, temperature_kept) values (5205902, 34893, -29);
insert into containerincargomanifest (container_id, cargomanifest_id, temperature_kept) values (4785945, 78548, -21);
insert into containerincargomanifest (container_id, cargomanifest_id, temperature_kept) values (1935053, 87507, -29);
insert into containerincargomanifest (container_id, cargomanifest_id, temperature_kept) values (9954944, 78548, 10);
insert into containerincargomanifest (container_id, cargomanifest_id, temperature_kept) values (6724168, 91736, null);
insert into containerincargomanifest (container_id, cargomanifest_id, temperature_kept) values (5718819, 62590, 1);
insert into containerincargomanifest (container_id, cargomanifest_id, temperature_kept) values (7230953, 45806, -5);
insert into containerincargomanifest (container_id, cargomanifest_id, temperature_kept) values (6069753, 73258, -19);
insert into containerincargomanifest (container_id, cargomanifest_id, temperature_kept) values (6835721, 34893, 5);
insert into containerincargomanifest (container_id, cargomanifest_id, temperature_kept) values (7237236, 78548, -13);
insert into containerincargomanifest (container_id, cargomanifest_id, temperature_kept) values (984994, 16358, 2);
insert into containerincargomanifest (container_id, cargomanifest_id, temperature_kept) values (3198359, 2163, 17);
insert into containerincargomanifest (container_id, cargomanifest_id, temperature_kept) values (3551513, 80342, 2);
insert into containerincargomanifest (container_id, cargomanifest_id, temperature_kept) values (3632777, 9062, null);
insert into containerincargomanifest (container_id, cargomanifest_id, temperature_kept) values (9461016, 91736, 24);
insert into containerincargomanifest (container_id, cargomanifest_id, temperature_kept) values (6174142, 78991, 17);
insert into containerincargomanifest (container_id, cargomanifest_id, temperature_kept) values (1899481, 80342, -26);
insert into containerincargomanifest (container_id, cargomanifest_id, temperature_kept) values (8579707, 93962, 12);
insert into containerincargomanifest (container_id, cargomanifest_id, temperature_kept) values (4091442, 37588, 9);
insert into containerincargomanifest (container_id, cargomanifest_id, temperature_kept) values (2479391, 82845, null);
insert into containerincargomanifest (container_id, cargomanifest_id, temperature_kept) values (8209961, 48193, 0);
insert into containerincargomanifest (container_id, cargomanifest_id, temperature_kept) values (2275248, 80342, null);
insert into containerincargomanifest (container_id, cargomanifest_id, temperature_kept) values (7926005, 62698, -24);
insert into containerincargomanifest (container_id, cargomanifest_id, temperature_kept) values (9819650, 47409, 24);
insert into containerincargomanifest (container_id, cargomanifest_id, temperature_kept) values (3794208, 85242, 11);
insert into containerincargomanifest (container_id, cargomanifest_id, temperature_kept) values (8463820, 77328, null);
insert into containerincargomanifest (container_id, cargomanifest_id, temperature_kept) values (7629440, 77328, null);
insert into containerincargomanifest (container_id, cargomanifest_id, temperature_kept) values (4511252, 78548, 5);
insert into containerincargomanifest (container_id, cargomanifest_id, temperature_kept) values (2365463, 62590, 21);
insert into containerincargomanifest (container_id, cargomanifest_id, temperature_kept) values (5888945, 96922, null);
insert into containerincargomanifest (container_id, cargomanifest_id, temperature_kept) values (3230250, 62698, -22);
insert into containerincargomanifest (container_id, cargomanifest_id, temperature_kept) values (5499823, 67603, -3);
insert into containerincargomanifest (container_id, cargomanifest_id, temperature_kept) values (8260371, 66729, null);
insert into containerincargomanifest (container_id, cargomanifest_id, temperature_kept) values (7930527, 34893, 15);
insert into containerincargomanifest (container_id, cargomanifest_id, temperature_kept) values (4839086, 54091, -11);
insert into containerincargomanifest (container_id, cargomanifest_id, temperature_kept) values (747312, 78991, -7);
insert into containerincargomanifest (container_id, cargomanifest_id, temperature_kept) values (6634063, 45806, 9);
insert into containerincargomanifest (container_id, cargomanifest_id, temperature_kept) values (5889914, 3598, -10);
insert into containerincargomanifest (container_id, cargomanifest_id, temperature_kept) values (8528515, 78548, null);
insert into containerincargomanifest (container_id, cargomanifest_id, temperature_kept) values (8007835, 71971, 9);
insert into containerincargomanifest (container_id, cargomanifest_id, temperature_kept) values (3579669, 87507, -13);
insert into containerincargomanifest (container_id, cargomanifest_id, temperature_kept) values (608753, 16358, -3);
insert into containerincargomanifest (container_id, cargomanifest_id, temperature_kept) values (5740604, 64229, -14);
insert into containerincargomanifest (container_id, cargomanifest_id, temperature_kept) values (3698697, 62698, 23);
insert into containerincargomanifest (container_id, cargomanifest_id, temperature_kept) values (6528438, 37588, -23);
insert into containerincargomanifest (container_id, cargomanifest_id, temperature_kept) values (8411291, 71971, null);
insert into containerincargomanifest (container_id, cargomanifest_id, temperature_kept) values (9036724, 45228, 8);
insert into containerincargomanifest (container_id, cargomanifest_id, temperature_kept) values (4516982, 30009, null);
insert into containerincargomanifest (container_id, cargomanifest_id, temperature_kept) values (9451336, 77328, 24);
insert into containerincargomanifest (container_id, cargomanifest_id, temperature_kept) values (1534886, 67603, null);
insert into containerincargomanifest (container_id, cargomanifest_id, temperature_kept) values (3800048, 83244, null);
insert into containerincargomanifest (container_id, cargomanifest_id, temperature_kept) values (1659861, 79225, null);
insert into containerincargomanifest (container_id, cargomanifest_id, temperature_kept) values (4698397, 723, -19);
insert into containerincargomanifest (container_id, cargomanifest_id, temperature_kept) values (4474993, 86476, 24);
insert into containerincargomanifest (container_id, cargomanifest_id, temperature_kept) values (5785213, 45806, null);
insert into containerincargomanifest (container_id, cargomanifest_id, temperature_kept) values (673592, 47409, -1);
insert into containerincargomanifest (container_id, cargomanifest_id, temperature_kept) values (9010538, 19821, -8);
insert into containerincargomanifest (container_id, cargomanifest_id, temperature_kept) values (6551119, 19821, null);
insert into containerincargomanifest (container_id, cargomanifest_id, temperature_kept) values (700979, 83244, -3);
insert into containerincargomanifest (container_id, cargomanifest_id, temperature_kept) values (9540037, 48193, null);
insert into containerincargomanifest (container_id, cargomanifest_id, temperature_kept) values (9716158, 2163, 15);
insert into containerincargomanifest (container_id, cargomanifest_id, temperature_kept) values (6990963, 48193, 4);
insert into containerincargomanifest (container_id, cargomanifest_id, temperature_kept) values (7350910, 48193, null);
insert into containerincargomanifest (container_id, cargomanifest_id, temperature_kept) values (9396281, 19821, null);
insert into containerincargomanifest (container_id, cargomanifest_id, temperature_kept) values (8592913, 83244, -9);
insert into containerincargomanifest (container_id, cargomanifest_id, temperature_kept) values (4680518, 53304, -14);
insert into containerincargomanifest (container_id, cargomanifest_id, temperature_kept) values (8611065, 62698, -21);
insert into containerincargomanifest (container_id, cargomanifest_id, temperature_kept) values (779562, 62590, null);
insert into containerincargomanifest (container_id, cargomanifest_id, temperature_kept) values (4928211, 34893, 5);
insert into containerincargomanifest (container_id, cargomanifest_id, temperature_kept) values (232531, 89260, -3);
insert into containerincargomanifest (container_id, cargomanifest_id, temperature_kept) values (8634564, 66729, -23);
insert into containerincargomanifest (container_id, cargomanifest_id, temperature_kept) values (5870585, 62590, null);
insert into containerincargomanifest (container_id, cargomanifest_id, temperature_kept) values (7260677, 3598, 13);
insert into containerincargomanifest (container_id, cargomanifest_id, temperature_kept) values (8182661, 64912, -23);
insert into containerincargomanifest (container_id, cargomanifest_id, temperature_kept) values (1070602, 78991, null);
insert into containerincargomanifest (container_id, cargomanifest_id, temperature_kept) values (1420078, 67603, -8);
insert into containerincargomanifest (container_id, cargomanifest_id, temperature_kept) values (1959915, 45806, 6);
insert into containerincargomanifest (container_id, cargomanifest_id, temperature_kept) values (4568601, 2025, 14);
insert into containerincargomanifest (container_id, cargomanifest_id, temperature_kept) values (5802135, 64912, 21);
insert into containerincargomanifest (container_id, cargomanifest_id, temperature_kept) values (1269991, 39823, -8);
insert into containerincargomanifest (container_id, cargomanifest_id, temperature_kept) values (2292999, 71971, null);
insert into containerincargomanifest (container_id, cargomanifest_id, temperature_kept) values (9071633, 39823, null);
insert into containerincargomanifest (container_id, cargomanifest_id, temperature_kept) values (1186799, 39823, 21);
insert into containerincargomanifest (container_id, cargomanifest_id, temperature_kept) values (329216, 57650, 20);
insert into containerincargomanifest (container_id, cargomanifest_id, temperature_kept) values (2588960, 45806, -13);
insert into containerincargomanifest (container_id, cargomanifest_id, temperature_kept) values (297196, 69477, -22);
insert into containerincargomanifest (container_id, cargomanifest_id, temperature_kept) values (6783681, 86476, null);
insert into containerincargomanifest (container_id, cargomanifest_id, temperature_kept) values (3574239, 62698, null);
insert into containerincargomanifest (container_id, cargomanifest_id, temperature_kept) values (1482442, 54091, -6);
insert into containerincargomanifest (container_id, cargomanifest_id, temperature_kept) values (1746713, 66729, 10);
insert into containerincargomanifest (container_id, cargomanifest_id, temperature_kept) values (9104861, 37588, 23);
insert into containerincargomanifest (container_id, cargomanifest_id, temperature_kept) values (4935044, 83244, 11);
insert into containerincargomanifest (container_id, cargomanifest_id, temperature_kept) values (9408878, 57650, 25);
insert into containerincargomanifest (container_id, cargomanifest_id, temperature_kept) values (8622404, 9004, 11);
insert into containerincargomanifest (container_id, cargomanifest_id, temperature_kept) values (6377855, 83244, 1);
insert into containerincargomanifest (container_id, cargomanifest_id, temperature_kept) values (6261837, 77328, null);
insert into containerincargomanifest (container_id, cargomanifest_id, temperature_kept) values (1047708, 96922, -4);
insert into containerincargomanifest (container_id, cargomanifest_id, temperature_kept) values (9017543, 34893, -4);
insert into containerincargomanifest (container_id, cargomanifest_id, temperature_kept) values (9261055, 9062, -17);
insert into containerincargomanifest (container_id, cargomanifest_id, temperature_kept) values (5932935, 85242, 8);
insert into containerincargomanifest (container_id, cargomanifest_id, temperature_kept) values (3537971, 66729, -10);
insert into containerincargomanifest (container_id, cargomanifest_id, temperature_kept) values (6569869, 2025, 23);
insert into containerincargomanifest (container_id, cargomanifest_id, temperature_kept) values (6792283, 47409, -16);
insert into containerincargomanifest (container_id, cargomanifest_id, temperature_kept) values (8245159, 30009, 12);
insert into containerincargomanifest (container_id, cargomanifest_id, temperature_kept) values (7872799, 53304, 25);
insert into containerincargomanifest (container_id, cargomanifest_id, temperature_kept) values (3024089, 83244, 23);
insert into containerincargomanifest (container_id, cargomanifest_id, temperature_kept) values (7316065, 78548, null);
insert into containerincargomanifest (container_id, cargomanifest_id, temperature_kept) values (1613915, 78548, null);
insert into containerincargomanifest (container_id, cargomanifest_id, temperature_kept) values (7475343, 3598, null);
insert into containerincargomanifest (container_id, cargomanifest_id, temperature_kept) values (8981309, 66729, 3);
insert into containerincargomanifest (container_id, cargomanifest_id, temperature_kept) values (461488, 2163, null);
insert into containerincargomanifest (container_id, cargomanifest_id, temperature_kept) values (1921969, 86476, 21);
insert into containerincargomanifest (container_id, cargomanifest_id, temperature_kept) values (8431247, 48193, null);
insert into containerincargomanifest (container_id, cargomanifest_id, temperature_kept) values (9718528, 77328, -14);
insert into containerincargomanifest (container_id, cargomanifest_id, temperature_kept) values (2039415, 93962, null);
insert into containerincargomanifest (container_id, cargomanifest_id, temperature_kept) values (9123645, 64912, 20);
insert into containerincargomanifest (container_id, cargomanifest_id, temperature_kept) values (5522284, 57546, null);
insert into containerincargomanifest (container_id, cargomanifest_id, temperature_kept) values (1751836, 82845, 22);
insert into containerincargomanifest (container_id, cargomanifest_id, temperature_kept) values (9141379, 64912, -24);
insert into containerincargomanifest (container_id, cargomanifest_id, temperature_kept) values (6129428, 2025, -13);
insert into containerincargomanifest (container_id, cargomanifest_id, temperature_kept) values (3408095, 45228, -25);
insert into containerincargomanifest (container_id, cargomanifest_id, temperature_kept) values (7363472, 67603, 12);
insert into containerincargomanifest (container_id, cargomanifest_id, temperature_kept) values (6435778, 54091, null);
insert into containerincargomanifest (container_id, cargomanifest_id, temperature_kept) values (9884139, 86476, -18);
insert into containerincargomanifest (container_id, cargomanifest_id, temperature_kept) values (5510888, 3598, null);
insert into containerincargomanifest (container_id, cargomanifest_id, temperature_kept) values (6136649, 66729, 7);
insert into containerincargomanifest (container_id, cargomanifest_id, temperature_kept) values (6124069, 9062, 6);
insert into containerincargomanifest (container_id, cargomanifest_id, temperature_kept) values (7175725, 64229, -24);
insert into containerincargomanifest (container_id, cargomanifest_id, temperature_kept) values (6132963, 89260, -22);
insert into containerincargomanifest (container_id, cargomanifest_id, temperature_kept) values (8670947, 12366, 7);
insert into containerincargomanifest (container_id, cargomanifest_id, temperature_kept) values (2363466, 57546, 7);
insert into containerincargomanifest (container_id, cargomanifest_id, temperature_kept) values (9645498, 48193, -24);
insert into containerincargomanifest (container_id, cargomanifest_id, temperature_kept) values (5759689, 89260, -2);
insert into containerincargomanifest (container_id, cargomanifest_id, temperature_kept) values (7561087, 19821, 21);
insert into containerincargomanifest (container_id, cargomanifest_id, temperature_kept) values (3864073, 54561, null);
insert into containerincargomanifest (container_id, cargomanifest_id, temperature_kept) values (8129763, 80342, 4);
insert into containerincargomanifest (container_id, cargomanifest_id, temperature_kept) values (8480231, 86476, 7);
insert into containerincargomanifest (container_id, cargomanifest_id, temperature_kept) values (2583199, 62590, 0);
insert into containerincargomanifest (container_id, cargomanifest_id, temperature_kept) values (942275, 87507, -4);
insert into containerincargomanifest (container_id, cargomanifest_id, temperature_kept) values (9552, 66729, null);
insert into containerincargomanifest (container_id, cargomanifest_id, temperature_kept) values (1105433, 64229, 21);
insert into containerincargomanifest (container_id, cargomanifest_id, temperature_kept) values (5759153, 54091, -1);
insert into containerincargomanifest (container_id, cargomanifest_id, temperature_kept) values (6514294, 11031, 17);
insert into containerincargomanifest (container_id, cargomanifest_id, temperature_kept) values (3275050, 89260, 4);
insert into containerincargomanifest (container_id, cargomanifest_id, temperature_kept) values (1534226, 3598, 4);
insert into containerincargomanifest (container_id, cargomanifest_id, temperature_kept) values (1731480, 71971, -22);
insert into containerincargomanifest (container_id, cargomanifest_id, temperature_kept) values (5942866, 52328, -14);
insert into containerincargomanifest (container_id, cargomanifest_id, temperature_kept) values (8652406, 57546, -18);
insert into containerincargomanifest (container_id, cargomanifest_id, temperature_kept) values (1367337, 89260, 6);
insert into containerincargomanifest (container_id, cargomanifest_id, temperature_kept) values (5358636, 45228, null);
insert into containerincargomanifest (container_id, cargomanifest_id, temperature_kept) values (8177710, 723, null);
insert into containerincargomanifest (container_id, cargomanifest_id, temperature_kept) values (2432242, 67603, 17);
insert into containerincargomanifest (container_id, cargomanifest_id, temperature_kept) values (2104782, 9004, -18);
insert into containerincargomanifest (container_id, cargomanifest_id, temperature_kept) values (1540751, 79225, -3);
insert into containerincargomanifest (container_id, cargomanifest_id, temperature_kept) values (4627318, 66729, 1);
insert into containerincargomanifest (container_id, cargomanifest_id, temperature_kept) values (1155765, 89260, -21);
insert into containerincargomanifest (container_id, cargomanifest_id, temperature_kept) values (1077908, 83244, 0);
insert into containerincargomanifest (container_id, cargomanifest_id, temperature_kept) values (787448, 3598, -25);

--400 container in cargo manifest inserted

insert into shiptrip (shiptrip_id, mmsi, departure_location, arrival_location, loading_cargo_id, unloading_cargo_id, est_departure_date, est_arrival_date, real_departure_date, real_arrival_date) values (91641, 305373000, 18476, 21457, 62590, 62698, '27-Feb-2021', '29-May-2021', '22-Feb-2021', '14-Apr-2021');
insert into shiptrip (shiptrip_id, mmsi, departure_location, arrival_location, loading_cargo_id, unloading_cargo_id, est_departure_date, est_arrival_date, real_departure_date, real_arrival_date) values (56772, 303267000, 28313, 20826, 57546, 73258, '05-Feb-2021', '09-Apr-2021', '02-Feb-2021', '14-May-2021');
insert into shiptrip (shiptrip_id, mmsi, departure_location, arrival_location, loading_cargo_id, unloading_cargo_id, est_departure_date, est_arrival_date, real_departure_date, real_arrival_date) values (19250, 636092932, 22522, 16485, 62590, 3598, '20-Mar-2021', '21-Jun-2021', '05-Mar-2021', '08-Apr-2021');
insert into shiptrip (shiptrip_id, mmsi, departure_location, arrival_location, loading_cargo_id, unloading_cargo_id, est_departure_date, est_arrival_date, real_departure_date, real_arrival_date) values (52107, 303267000, 19473, 18867, 9062, 69477, '27-Feb-2021', '29-Apr-2021', '15-Mar-2021', '26-May-2021');
insert into shiptrip (shiptrip_id, mmsi, departure_location, arrival_location, loading_cargo_id, unloading_cargo_id, est_departure_date, est_arrival_date, real_departure_date, real_arrival_date) values (2830, 249047000, 216593, 22226, 78991, 12366, '02-Feb-2021', '11-Apr-2021', '02-Mar-2021', '09-Jun-2021');
insert into shiptrip (shiptrip_id, mmsi, departure_location, arrival_location, loading_cargo_id, unloading_cargo_id, est_departure_date, est_arrival_date, real_departure_date, real_arrival_date) values (44510, 256304000, 10138, 27248, 64229, 34491, '25-Feb-2021', '15-May-2021', '09-Feb-2021', '10-Apr-2021');
insert into shiptrip (shiptrip_id, mmsi, departure_location, arrival_location, loading_cargo_id, unloading_cargo_id, est_departure_date, est_arrival_date, real_departure_date, real_arrival_date) values (53525, 258692000, 18137, 24951, 83244, 59447, '16-Mar-2021', '09-Apr-2021', '14-Mar-2021', '12-Jun-2021');
insert into shiptrip (shiptrip_id, mmsi, departure_location, arrival_location, loading_cargo_id, unloading_cargo_id, est_departure_date, est_arrival_date, real_departure_date, real_arrival_date) values (9382, 636019825, 18476, 18454, 3598, 69477, '09-Mar-2021', '10-Apr-2021', '22-Mar-2021', '30-Apr-2021');
insert into shiptrip (shiptrip_id, mmsi, departure_location, arrival_location, loading_cargo_id, unloading_cargo_id, est_departure_date, est_arrival_date, real_departure_date, real_arrival_date) values (79545, 636092932, 228264, 21206, 3598, 39823, '27-Mar-2021', '14-Jun-2021', '28-Feb-2021', '10-Apr-2021');
insert into shiptrip (shiptrip_id, mmsi, departure_location, arrival_location, loading_cargo_id, unloading_cargo_id, est_departure_date, est_arrival_date, real_departure_date, real_arrival_date) values (62200, 258692000, 20072, 11174, 89260, 25442, '21-Mar-2021', '24-May-2021', '01-Mar-2021', '30-Jun-2021');
insert into shiptrip (shiptrip_id, mmsi, departure_location, arrival_location, loading_cargo_id, unloading_cargo_id, est_departure_date, est_arrival_date, real_departure_date, real_arrival_date) values (69721, 235092459, 18867, 14226, 67603, 12366, '09-Feb-2021', '14-May-2021', '05-Feb-2021', '04-Apr-2021');
insert into shiptrip (shiptrip_id, mmsi, departure_location, arrival_location, loading_cargo_id, unloading_cargo_id, est_departure_date, est_arrival_date, real_departure_date, real_arrival_date) values (44175, 257881000, 14226, 25350, 52328, 2025, '04-Mar-2021', '23-May-2021', '18-Feb-2021', '04-Jun-2021');
insert into shiptrip (shiptrip_id, mmsi, departure_location, arrival_location, loading_cargo_id, unloading_cargo_id, est_departure_date, est_arrival_date, real_departure_date, real_arrival_date) values (56413, 210950000, 17941, 22770, 77328, 47409, '01-Feb-2021', '30-Jun-2021', '10-Feb-2021', '16-Apr-2021');
insert into shiptrip (shiptrip_id, mmsi, departure_location, arrival_location, loading_cargo_id, unloading_cargo_id, est_departure_date, est_arrival_date, real_departure_date, real_arrival_date) values (21375, 228339600, 20826, 21863, 69477, 64912, '03-Feb-2021', '20-May-2021', '05-Feb-2021', '19-Jun-2021');
insert into shiptrip (shiptrip_id, mmsi, departure_location, arrival_location, loading_cargo_id, unloading_cargo_id, est_departure_date, est_arrival_date, real_departure_date, real_arrival_date) values (19757, 212351000, 11771, 10138, 12366, 3598, '21-Feb-2021', '02-Apr-2021', '22-Feb-2021', '13-Apr-2021');
insert into shiptrip (shiptrip_id, mmsi, departure_location, arrival_location, loading_cargo_id, unloading_cargo_id, est_departure_date, est_arrival_date, real_departure_date, real_arrival_date) values (65138, 257881000, 18326, 17386, 86476, 34893, '04-Feb-2021', '11-Jun-2021', '25-Feb-2021', '06-Jun-2021');
insert into shiptrip (shiptrip_id, mmsi, departure_location, arrival_location, loading_cargo_id, unloading_cargo_id, est_departure_date, est_arrival_date, real_departure_date, real_arrival_date) values (67486, 229767000, 14459, 18476, 64912, 78991, '05-Mar-2021', '30-May-2021', '01-Feb-2021', '24-Apr-2021');
insert into shiptrip (shiptrip_id, mmsi, departure_location, arrival_location, loading_cargo_id, unloading_cargo_id, est_departure_date, est_arrival_date, real_departure_date, real_arrival_date) values (43539, 257881000, 21451, 21381, 37588, 2163, '29-Mar-2021', '06-May-2021', '01-Mar-2021', '04-Jun-2021');
insert into shiptrip (shiptrip_id, mmsi, departure_location, arrival_location, loading_cargo_id, unloading_cargo_id, est_departure_date, est_arrival_date, real_departure_date, real_arrival_date) values (76274, 256304000, 28781, 21852, 57650, 62698, '12-Mar-2021', '26-May-2021', '27-Mar-2021', '07-Jun-2021');
insert into shiptrip (shiptrip_id, mmsi, departure_location, arrival_location, loading_cargo_id, unloading_cargo_id, est_departure_date, est_arrival_date, real_departure_date, real_arrival_date) values (38726, 210950000, 19473, 20072, 96922, 86476, '05-Feb-2021', '04-Jun-2021', '23-Mar-2021', '16-Jun-2021');
insert into shiptrip (shiptrip_id, mmsi, departure_location, arrival_location, loading_cargo_id, unloading_cargo_id, est_departure_date, est_arrival_date, real_departure_date, real_arrival_date) values (99454, 303221000, 30045, 18137, 723, 62698, '17-Mar-2021', '06-Jun-2021', '08-Feb-2021', '11-May-2021');
insert into shiptrip (shiptrip_id, mmsi, departure_location, arrival_location, loading_cargo_id, unloading_cargo_id, est_departure_date, est_arrival_date, real_departure_date, real_arrival_date) values (17329, 636091400, 27792, 26147, 39823, 62590, '19-Mar-2021', '17-Jun-2021', '16-Mar-2021', '04-Jun-2021');
insert into shiptrip (shiptrip_id, mmsi, departure_location, arrival_location, loading_cargo_id, unloading_cargo_id, est_departure_date, est_arrival_date, real_departure_date, real_arrival_date) values (92741, 305373000, 21863, 29876, 82845, 53304, '30-Mar-2021', '26-Jun-2021', '07-Mar-2021', '14-Jun-2021');
insert into shiptrip (shiptrip_id, mmsi, departure_location, arrival_location, loading_cargo_id, unloading_cargo_id, est_departure_date, est_arrival_date, real_departure_date, real_arrival_date) values (5225, 636019825, 18012, 18682, 62590, 30009, '15-Mar-2021', '23-Jun-2021', '24-Feb-2021', '28-May-2021');
insert into shiptrip (shiptrip_id, mmsi, departure_location, arrival_location, loading_cargo_id, unloading_cargo_id, est_departure_date, est_arrival_date, real_departure_date, real_arrival_date) values (65196, 303267000, 21206, 213737, 96922, 67603, '01-Mar-2021', '08-Jun-2021', '05-Mar-2021', '28-May-2021');
insert into shiptrip (shiptrip_id, mmsi, departure_location, arrival_location, loading_cargo_id, unloading_cargo_id, est_departure_date, est_arrival_date, real_departure_date, real_arrival_date) values (3322, 258692000, 21451, 18682, 39823, 12366, '03-Mar-2021', '30-May-2021', '13-Feb-2021', '29-Jun-2021');
insert into shiptrip (shiptrip_id, mmsi, departure_location, arrival_location, loading_cargo_id, unloading_cargo_id, est_departure_date, est_arrival_date, real_departure_date, real_arrival_date) values (40477, 229767000, 23247, 18454, 64912, 47409, '01-Feb-2021', '14-Jun-2021', '07-Mar-2021', '28-Jun-2021');
insert into shiptrip (shiptrip_id, mmsi, departure_location, arrival_location, loading_cargo_id, unloading_cargo_id, est_departure_date, est_arrival_date, real_departure_date, real_arrival_date) values (66561, 210950000, 18682, 27248, 34893, 67603, '18-Feb-2021', '24-Apr-2021', '18-Feb-2021', '03-Jun-2021');
insert into shiptrip (shiptrip_id, mmsi, departure_location, arrival_location, loading_cargo_id, unloading_cargo_id, est_departure_date, est_arrival_date, real_departure_date, real_arrival_date) values (29586, 305373000, 26147, 13012, 82845, 59447, '12-Mar-2021', '12-Jun-2021', '07-Mar-2021', '09-May-2021');
insert into shiptrip (shiptrip_id, mmsi, departure_location, arrival_location, loading_cargo_id, unloading_cargo_id, est_departure_date, est_arrival_date, real_departure_date, real_arrival_date) values (91123, 229961000, 224858, 21863, 45228, 37588, '14-Feb-2021', '13-May-2021', '07-Mar-2021', '23-Jun-2021');
insert into shiptrip (shiptrip_id, mmsi, departure_location, arrival_location, loading_cargo_id, unloading_cargo_id, est_departure_date, est_arrival_date, real_departure_date, real_arrival_date) values (8292, 636092932, 27248, 22226, 66729, 78548, '11-Feb-2021', '07-May-2021', '22-Mar-2021', '12-May-2021');
insert into shiptrip (shiptrip_id, mmsi, departure_location, arrival_location, loading_cargo_id, unloading_cargo_id, est_departure_date, est_arrival_date, real_departure_date, real_arrival_date) values (64372, 256888000, 23247, 14470, 54561, 37588, '05-Mar-2021', '25-Apr-2021', '04-Feb-2021', '20-Apr-2021');
insert into shiptrip (shiptrip_id, mmsi, departure_location, arrival_location, loading_cargo_id, unloading_cargo_id, est_departure_date, est_arrival_date, real_departure_date, real_arrival_date) values (34729, 210950000, 29876, 30045, 48193, 66729, '10-Feb-2021', '09-Jun-2021', '13-Mar-2021', '02-May-2021');
insert into shiptrip (shiptrip_id, mmsi, departure_location, arrival_location, loading_cargo_id, unloading_cargo_id, est_departure_date, est_arrival_date, real_departure_date, real_arrival_date) values (43976, 256888000, 14226, 26147, 2025, 87507, '24-Feb-2021', '09-Jun-2021', '02-Feb-2021', '17-Jun-2021');
insert into shiptrip (shiptrip_id, mmsi, departure_location, arrival_location, loading_cargo_id, unloading_cargo_id, est_departure_date, est_arrival_date, real_departure_date, real_arrival_date) values (66106, 212351000, 10358, 10138, 37588, 30009, '16-Feb-2021', '15-Jun-2021', '23-Mar-2021', '04-May-2021');
insert into shiptrip (shiptrip_id, mmsi, departure_location, arrival_location, loading_cargo_id, unloading_cargo_id, est_departure_date, est_arrival_date, real_departure_date, real_arrival_date) values (80879, 305176000, 14113, 14277, 89260, 48193, '28-Mar-2021', '01-May-2021', '10-Feb-2021', '27-Jun-2021');
insert into shiptrip (shiptrip_id, mmsi, departure_location, arrival_location, loading_cargo_id, unloading_cargo_id, est_departure_date, est_arrival_date, real_departure_date, real_arrival_date) values (7143, 228339600, 13176, 30045, 12366, 19821, '21-Mar-2021', '12-Jun-2021', '26-Feb-2021', '28-May-2021');
insert into shiptrip (shiptrip_id, mmsi, departure_location, arrival_location, loading_cargo_id, unloading_cargo_id, est_departure_date, est_arrival_date, real_departure_date, real_arrival_date) values (38729, 256304000, 216593, 24951, 723, 79225, '01-Mar-2021', '28-Jun-2021', '29-Mar-2021', '30-Apr-2021');
insert into shiptrip (shiptrip_id, mmsi, departure_location, arrival_location, loading_cargo_id, unloading_cargo_id, est_departure_date, est_arrival_date, real_departure_date, real_arrival_date) values (50944, 257881000, 20512, 18867, 57546, 86476, '05-Feb-2021', '31-May-2021', '10-Mar-2021', '20-Apr-2021');
insert into shiptrip (shiptrip_id, mmsi, departure_location, arrival_location, loading_cargo_id, unloading_cargo_id, est_departure_date, est_arrival_date, real_departure_date, real_arrival_date) values (28704, 228339600, 21457, 29239, 62698, 52328, '23-Feb-2021', '11-Apr-2021', '03-Mar-2021', '14-Apr-2021');
insert into shiptrip (shiptrip_id, mmsi, departure_location, arrival_location, loading_cargo_id, unloading_cargo_id, est_departure_date, est_arrival_date, real_departure_date, real_arrival_date) values (64861, 235092459, 10138, 28082, 62698, 57546, '13-Feb-2021', '19-Jun-2021', '11-Feb-2021', '26-May-2021');
insert into shiptrip (shiptrip_id, mmsi, departure_location, arrival_location, loading_cargo_id, unloading_cargo_id, est_departure_date, est_arrival_date, real_departure_date, real_arrival_date) values (15991, 636019825, 18433, 25350, 64912, 91736, '23-Feb-2021', '03-Apr-2021', '29-Mar-2021', '10-May-2021');
insert into shiptrip (shiptrip_id, mmsi, departure_location, arrival_location, loading_cargo_id, unloading_cargo_id, est_departure_date, est_arrival_date, real_departure_date, real_arrival_date) values (25808, 258692000, 20072, 17386, 45806, 64912, '04-Feb-2021', '31-May-2021', '05-Feb-2021', '15-May-2021');
insert into shiptrip (shiptrip_id, mmsi, departure_location, arrival_location, loading_cargo_id, unloading_cargo_id, est_departure_date, est_arrival_date, real_departure_date, real_arrival_date) values (16692, 636091400, 23428, 25350, 87507, 77328, '03-Feb-2021', '27-Jun-2021', '03-Mar-2021', '15-Jun-2021');
insert into shiptrip (shiptrip_id, mmsi, departure_location, arrival_location, loading_cargo_id, unloading_cargo_id, est_departure_date, est_arrival_date, real_departure_date, real_arrival_date) values (43865, 256304000, 11180, 16737, 47409, 78991, '16-Mar-2021', '09-Apr-2021', '21-Feb-2021', '09-Apr-2021');
insert into shiptrip (shiptrip_id, mmsi, departure_location, arrival_location, loading_cargo_id, unloading_cargo_id, est_departure_date, est_arrival_date, real_departure_date, real_arrival_date) values (6799, 258692000, 10860, 29002, 45806, 79225, '23-Feb-2021', '11-Jun-2021', '25-Feb-2021', '13-May-2021');
insert into shiptrip (shiptrip_id, mmsi, departure_location, arrival_location, loading_cargo_id, unloading_cargo_id, est_departure_date, est_arrival_date, real_departure_date, real_arrival_date) values (85544, 258692000, 10358, 22522, 9062, 45228, '03-Feb-2021', '16-Jun-2021', '18-Mar-2021', '27-Apr-2021');
insert into shiptrip (shiptrip_id, mmsi, departure_location, arrival_location, loading_cargo_id, unloading_cargo_id, est_departure_date, est_arrival_date, real_departure_date, real_arrival_date) values (77123, 303267000, 11174, 213737, 73258, 45228, '16-Mar-2021', '27-Apr-2021', '02-Mar-2021', '10-Jun-2021');
insert into shiptrip (shiptrip_id, mmsi, departure_location, arrival_location, loading_cargo_id, unloading_cargo_id, est_departure_date, est_arrival_date, real_departure_date, real_arrival_date) values (24044, 258692000, 27248, 10138, 2025, 78548, '27-Feb-2021', '11-Apr-2021', '16-Mar-2021', '07-Jun-2021');
insert into shiptrip (shiptrip_id, mmsi, departure_location, arrival_location, loading_cargo_id, unloading_cargo_id, est_departure_date, est_arrival_date, real_departure_date, real_arrival_date) values (30491, 249047000, 13176, 28313, 48193, 19821, '27-Feb-2021', '09-May-2021', '28-Feb-2021', '29-Apr-2021');
insert into shiptrip (shiptrip_id, mmsi, departure_location, arrival_location, loading_cargo_id, unloading_cargo_id, est_departure_date, est_arrival_date, real_departure_date, real_arrival_date) values (87087, 303267000, 18476, 21206, 66729, 66729, '11-Feb-2021', '16-May-2021', '03-Mar-2021', '03-Apr-2021');
insert into shiptrip (shiptrip_id, mmsi, departure_location, arrival_location, loading_cargo_id, unloading_cargo_id, est_departure_date, est_arrival_date, real_departure_date, real_arrival_date) values (84542, 210950000, 21556, 11174, 57546, 52328, '26-Feb-2021', '04-Jun-2021', '18-Mar-2021', '18-Jun-2021');
insert into shiptrip (shiptrip_id, mmsi, departure_location, arrival_location, loading_cargo_id, unloading_cargo_id, est_departure_date, est_arrival_date, real_departure_date, real_arrival_date) values (25263, 636092932, 18326, 28082, 11031, 77328, '02-Mar-2021', '25-Apr-2021', '16-Feb-2021', '15-Apr-2021');
insert into shiptrip (shiptrip_id, mmsi, departure_location, arrival_location, loading_cargo_id, unloading_cargo_id, est_departure_date, est_arrival_date, real_departure_date, real_arrival_date) values (21021, 229767000, 18867, 24951, 78991, 57546, '05-Mar-2021', '05-Jun-2021', '14-Feb-2021', '10-May-2021');
insert into shiptrip (shiptrip_id, mmsi, departure_location, arrival_location, loading_cargo_id, unloading_cargo_id, est_departure_date, est_arrival_date, real_departure_date, real_arrival_date) values (98758, 636091400, 28261, 16485, 71971, 9062, '20-Feb-2021', '21-Jun-2021', '04-Feb-2021', '13-Apr-2021');
insert into shiptrip (shiptrip_id, mmsi, departure_location, arrival_location, loading_cargo_id, unloading_cargo_id, est_departure_date, est_arrival_date, real_departure_date, real_arrival_date) values (25772, 249047000, 14470, 29239, 723, 71971, '21-Mar-2021', '05-Apr-2021', '28-Mar-2021', '17-Apr-2021');
insert into shiptrip (shiptrip_id, mmsi, departure_location, arrival_location, loading_cargo_id, unloading_cargo_id, est_departure_date, est_arrival_date, real_departure_date, real_arrival_date) values (652, 212351000, 216593, 27248, 16358, 47409, '25-Mar-2021', '05-Jun-2021', '08-Feb-2021', '06-May-2021');
insert into shiptrip (shiptrip_id, mmsi, departure_location, arrival_location, loading_cargo_id, unloading_cargo_id, est_departure_date, est_arrival_date, real_departure_date, real_arrival_date) values (79386, 303267000, 15107, 21556, 59447, 19821, '23-Feb-2021', '06-Apr-2021', '18-Feb-2021', '18-May-2021');
insert into shiptrip (shiptrip_id, mmsi, departure_location, arrival_location, loading_cargo_id, unloading_cargo_id, est_departure_date, est_arrival_date, real_departure_date, real_arrival_date) values (97616, 257881000, 18012, 18137, 3598, 79225, '06-Feb-2021', '25-Apr-2021', '29-Mar-2021', '21-Apr-2021');
insert into shiptrip (shiptrip_id, mmsi, departure_location, arrival_location, loading_cargo_id, unloading_cargo_id, est_departure_date, est_arrival_date, real_departure_date, real_arrival_date) values (63234, 636091400, 26670, 27792, 34491, 83244, '03-Feb-2021', '17-Jun-2021', '17-Mar-2021', '22-May-2021');
insert into shiptrip (shiptrip_id, mmsi, departure_location, arrival_location, loading_cargo_id, unloading_cargo_id, est_departure_date, est_arrival_date, real_departure_date, real_arrival_date) values (381, 303221000, 28313, 14277, 96922, 85242, '13-Feb-2021', '04-May-2021', '05-Feb-2021', '01-May-2021');
insert into shiptrip (shiptrip_id, mmsi, departure_location, arrival_location, loading_cargo_id, unloading_cargo_id, est_departure_date, est_arrival_date, real_departure_date, real_arrival_date) values (68806, 636091400, 24951, 16485, 78548, 66729, '30-Mar-2021', '09-Apr-2021', '07-Mar-2021', '05-Jun-2021');
insert into shiptrip (shiptrip_id, mmsi, departure_location, arrival_location, loading_cargo_id, unloading_cargo_id, est_departure_date, est_arrival_date, real_departure_date, real_arrival_date) values (49008, 235092459, 216593, 10860, 54561, 12366, '09-Feb-2021', '14-May-2021', '09-Feb-2021', '27-Apr-2021');
insert into shiptrip (shiptrip_id, mmsi, departure_location, arrival_location, loading_cargo_id, unloading_cargo_id, est_departure_date, est_arrival_date, real_departure_date, real_arrival_date) values (95706, 212351000, 18012, 16485, 25442, 9062, '01-Mar-2021', '20-Apr-2021', '09-Feb-2021', '03-May-2021');
insert into shiptrip (shiptrip_id, mmsi, departure_location, arrival_location, loading_cargo_id, unloading_cargo_id, est_departure_date, est_arrival_date, real_departure_date, real_arrival_date) values (1123, 228339600, 23428, 21451, 79225, 57650, '15-Mar-2021', '21-May-2021', '06-Mar-2021', '08-Apr-2021');
insert into shiptrip (shiptrip_id, mmsi, departure_location, arrival_location, loading_cargo_id, unloading_cargo_id, est_departure_date, est_arrival_date, real_departure_date, real_arrival_date) values (65947, 258692000, 24951, 21556, 19821, 9062, '14-Feb-2021', '29-May-2021', '19-Feb-2021', '14-May-2021');
insert into shiptrip (shiptrip_id, mmsi, departure_location, arrival_location, loading_cargo_id, unloading_cargo_id, est_departure_date, est_arrival_date, real_departure_date, real_arrival_date) values (22465, 636092932, 12543, 17386, 9062, 54561, '25-Mar-2021', '20-Apr-2021', '15-Feb-2021', '25-Jun-2021');
insert into shiptrip (shiptrip_id, mmsi, departure_location, arrival_location, loading_cargo_id, unloading_cargo_id, est_departure_date, est_arrival_date, real_departure_date, real_arrival_date) values (94785, 228339600, 19473, 22770, 53304, 57650, '26-Feb-2021', '22-Jun-2021', '25-Mar-2021', '28-May-2021');
insert into shiptrip (shiptrip_id, mmsi, departure_location, arrival_location, loading_cargo_id, unloading_cargo_id, est_departure_date, est_arrival_date, real_departure_date, real_arrival_date) values (41105, 258692000, 29002, 28082, 62698, 57650, '14-Feb-2021', '10-Apr-2021', '15-Mar-2021', '16-Apr-2021');
insert into shiptrip (shiptrip_id, mmsi, departure_location, arrival_location, loading_cargo_id, unloading_cargo_id, est_departure_date, est_arrival_date, real_departure_date, real_arrival_date) values (38560, 303267000, 11174, 213737, 54091, 62698, '08-Feb-2021', '11-Apr-2021', '07-Mar-2021', '07-Apr-2021');
insert into shiptrip (shiptrip_id, mmsi, departure_location, arrival_location, loading_cargo_id, unloading_cargo_id, est_departure_date, est_arrival_date, real_departure_date, real_arrival_date) values (60787, 212180000, 10358, 18326, 45806, 19821, '10-Mar-2021', '18-Apr-2021', '18-Feb-2021', '28-May-2021');
insert into shiptrip (shiptrip_id, mmsi, departure_location, arrival_location, loading_cargo_id, unloading_cargo_id, est_departure_date, est_arrival_date, real_departure_date, real_arrival_date) values (19631, 249047000, 14635, 216593, 83244, 57546, '09-Mar-2021', '28-May-2021', '20-Feb-2021', '18-Jun-2021');
insert into shiptrip (shiptrip_id, mmsi, departure_location, arrival_location, loading_cargo_id, unloading_cargo_id, est_departure_date, est_arrival_date, real_departure_date, real_arrival_date) values (18449, 235092459, 20512, 16737, 62590, 54561, '11-Feb-2021', '11-May-2021', '08-Mar-2021', '11-Jun-2021');
insert into shiptrip (shiptrip_id, mmsi, departure_location, arrival_location, loading_cargo_id, unloading_cargo_id, est_departure_date, est_arrival_date, real_departure_date, real_arrival_date) values (73706, 228339600, 11771, 22522, 79225, 19821, '01-Mar-2021', '05-Jun-2021', '17-Feb-2021', '02-May-2021');
insert into shiptrip (shiptrip_id, mmsi, departure_location, arrival_location, loading_cargo_id, unloading_cargo_id, est_departure_date, est_arrival_date, real_departure_date, real_arrival_date) values (42463, 257881000, 25350, 21556, 89260, 86476, '28-Mar-2021', '13-Apr-2021', '05-Feb-2021', '21-Jun-2021');
insert into shiptrip (shiptrip_id, mmsi, departure_location, arrival_location, loading_cargo_id, unloading_cargo_id, est_departure_date, est_arrival_date, real_departure_date, real_arrival_date) values (55771, 256304000, 27728, 19057, 2163, 86476, '07-Mar-2021', '05-May-2021', '29-Mar-2021', '09-Apr-2021');
insert into shiptrip (shiptrip_id, mmsi, departure_location, arrival_location, loading_cargo_id, unloading_cargo_id, est_departure_date, est_arrival_date, real_departure_date, real_arrival_date) values (27326, 210950000, 30045, 13176, 62698, 48193, '10-Feb-2021', '30-May-2021', '31-Mar-2021', '16-May-2021');
insert into shiptrip (shiptrip_id, mmsi, departure_location, arrival_location, loading_cargo_id, unloading_cargo_id, est_departure_date, est_arrival_date, real_departure_date, real_arrival_date) values (70404, 256888000, 30045, 29239, 64229, 30009, '23-Mar-2021', '04-May-2021', '03-Mar-2021', '02-Apr-2021');
insert into shiptrip (shiptrip_id, mmsi, departure_location, arrival_location, loading_cargo_id, unloading_cargo_id, est_departure_date, est_arrival_date, real_departure_date, real_arrival_date) values (18190, 228339600, 13012, 21381, 34491, 93962, '15-Feb-2021', '28-May-2021', '02-Mar-2021', '05-Apr-2021');
insert into shiptrip (shiptrip_id, mmsi, departure_location, arrival_location, loading_cargo_id, unloading_cargo_id, est_departure_date, est_arrival_date, real_departure_date, real_arrival_date) values (34597, 258692000, 18867, 13176, 62590, 48193, '18-Mar-2021', '03-Apr-2021', '05-Mar-2021', '13-May-2021');
insert into shiptrip (shiptrip_id, mmsi, departure_location, arrival_location, loading_cargo_id, unloading_cargo_id, est_departure_date, est_arrival_date, real_departure_date, real_arrival_date) values (67127, 258692000, 29749, 18326, 67603, 85242, '07-Mar-2021', '11-Jun-2021', '18-Mar-2021', '26-Jun-2021');
insert into shiptrip (shiptrip_id, mmsi, departure_location, arrival_location, loading_cargo_id, unloading_cargo_id, est_departure_date, est_arrival_date, real_departure_date, real_arrival_date) values (77968, 229961000, 24951, 22522, 45806, 34491, '26-Feb-2021', '25-Jun-2021', '18-Feb-2021', '19-Jun-2021');
insert into shiptrip (shiptrip_id, mmsi, departure_location, arrival_location, loading_cargo_id, unloading_cargo_id, est_departure_date, est_arrival_date, real_departure_date, real_arrival_date) values (93490, 257881000, 22770, 20847, 89260, 39823, '27-Feb-2021', '09-Apr-2021', '26-Feb-2021', '28-May-2021');
insert into shiptrip (shiptrip_id, mmsi, departure_location, arrival_location, loading_cargo_id, unloading_cargo_id, est_departure_date, est_arrival_date, real_departure_date, real_arrival_date) values (79470, 303267000, 19473, 11180, 2163, 62698, '25-Mar-2021', '14-Jun-2021', '07-Feb-2021', '02-May-2021');
insert into shiptrip (shiptrip_id, mmsi, departure_location, arrival_location, loading_cargo_id, unloading_cargo_id, est_departure_date, est_arrival_date, real_departure_date, real_arrival_date) values (3387, 212351000, 10563, 26670, 96922, 83244, '27-Mar-2021', '08-May-2021', '21-Mar-2021', '10-Jun-2021');
insert into shiptrip (shiptrip_id, mmsi, departure_location, arrival_location, loading_cargo_id, unloading_cargo_id, est_departure_date, est_arrival_date, real_departure_date, real_arrival_date) values (49375, 249047000, 20072, 21451, 34491, 85242, '09-Feb-2021', '27-Apr-2021', '20-Feb-2021', '08-Apr-2021');
insert into shiptrip (shiptrip_id, mmsi, departure_location, arrival_location, loading_cargo_id, unloading_cargo_id, est_departure_date, est_arrival_date, real_departure_date, real_arrival_date) values (27337, 235092459, 22522, 22226, 78991, 34893, '05-Mar-2021', '30-May-2021', '31-Mar-2021', '14-May-2021');
insert into shiptrip (shiptrip_id, mmsi, departure_location, arrival_location, loading_cargo_id, unloading_cargo_id, est_departure_date, est_arrival_date, real_departure_date, real_arrival_date) values (56651, 257881000, 10563, 11180, 82845, 57546, '31-Mar-2021', '15-Jun-2021', '10-Feb-2021', '09-Jun-2021');
insert into shiptrip (shiptrip_id, mmsi, departure_location, arrival_location, loading_cargo_id, unloading_cargo_id, est_departure_date, est_arrival_date, real_departure_date, real_arrival_date) values (46075, 303267000, 22770, 27248, 12366, 77328, '04-Mar-2021', '21-Jun-2021', '11-Mar-2021', '30-Apr-2021');
insert into shiptrip (shiptrip_id, mmsi, departure_location, arrival_location, loading_cargo_id, unloading_cargo_id, est_departure_date, est_arrival_date, real_departure_date, real_arrival_date) values (90710, 212351000, 14635, 10138, 54561, 79225, '25-Mar-2021', '24-May-2021', '08-Feb-2021', '22-May-2021');
insert into shiptrip (shiptrip_id, mmsi, departure_location, arrival_location, loading_cargo_id, unloading_cargo_id, est_departure_date, est_arrival_date, real_departure_date, real_arrival_date) values (82450, 229767000, 25007, 29749, 39823, 93962, '03-Feb-2021', '01-Jun-2021', '05-Mar-2021', '09-May-2021');
insert into shiptrip (shiptrip_id, mmsi, departure_location, arrival_location, loading_cargo_id, unloading_cargo_id, est_departure_date, est_arrival_date, real_departure_date, real_arrival_date) values (64880, 305176000, 21852, 20847, 16358, 30009, '24-Feb-2021', '12-Apr-2021', '26-Feb-2021', '28-Jun-2021');
insert into shiptrip (shiptrip_id, mmsi, departure_location, arrival_location, loading_cargo_id, unloading_cargo_id, est_departure_date, est_arrival_date, real_departure_date, real_arrival_date) values (58230, 212180000, 216593, 246265, 66729, 45228, '25-Feb-2021', '28-Apr-2021', '21-Mar-2021', '19-Apr-2021');
insert into shiptrip (shiptrip_id, mmsi, departure_location, arrival_location, loading_cargo_id, unloading_cargo_id, est_departure_date, est_arrival_date, real_departure_date, real_arrival_date) values (44642, 229961000, 18433, 10358, 82845, 73258, '24-Mar-2021', '08-Apr-2021', '14-Feb-2021', '12-Apr-2021');
insert into shiptrip (shiptrip_id, mmsi, departure_location, arrival_location, loading_cargo_id, unloading_cargo_id, est_departure_date, est_arrival_date, real_departure_date, real_arrival_date) values (92389, 212180000, 21206, 20512, 73258, 25442, '28-Mar-2021', '24-Apr-2021', '23-Mar-2021', '28-Apr-2021');
insert into shiptrip (shiptrip_id, mmsi, departure_location, arrival_location, loading_cargo_id, unloading_cargo_id, est_departure_date, est_arrival_date, real_departure_date, real_arrival_date) values (32246, 636019825, 13390, 20826, 45228, 53304, '04-Feb-2021', '18-Jun-2021', '26-Mar-2021', '19-Apr-2021');
insert into shiptrip (shiptrip_id, mmsi, departure_location, arrival_location, loading_cargo_id, unloading_cargo_id, est_departure_date, est_arrival_date, real_departure_date, real_arrival_date) values (47035, 229767000, 29239, 21206, 45228, 9004, '19-Mar-2021', '10-May-2021', '25-Mar-2021', '12-May-2021');
insert into shiptrip (shiptrip_id, mmsi, departure_location, arrival_location, loading_cargo_id, unloading_cargo_id, est_departure_date, est_arrival_date, real_departure_date, real_arrival_date) values (80104, 212351000, 13390, 17386, 78991, 3598, '30-Mar-2021', '15-May-2021', '12-Mar-2021', '22-Apr-2021');
insert into shiptrip (shiptrip_id, mmsi, departure_location, arrival_location, loading_cargo_id, unloading_cargo_id, est_departure_date, est_arrival_date, real_departure_date, real_arrival_date) values (79239, 258692000, 20351, 18200, 83244, 86476, '24-Feb-2021', '03-Apr-2021', '01-Mar-2021', '27-Jun-2021');
insert into shiptrip (shiptrip_id, mmsi, departure_location, arrival_location, loading_cargo_id, unloading_cargo_id, est_departure_date, est_arrival_date, real_departure_date, real_arrival_date) values (61963, 210950000, 14635, 19057, 30009, 89260, '10-Feb-2021', '17-May-2021', '01-Feb-2021', '16-Apr-2021');
insert into shiptrip (shiptrip_id, mmsi, departure_location, arrival_location, loading_cargo_id, unloading_cargo_id, est_departure_date, est_arrival_date, real_departure_date, real_arrival_date) values (66140, 212180000, 29973, 10136, 45228, 83244, '17-Mar-2021', '09-Apr-2021', '02-Mar-2021', '25-Jun-2021');
insert into shiptrip (shiptrip_id, mmsi, departure_location, arrival_location, loading_cargo_id, unloading_cargo_id, est_departure_date, est_arrival_date, real_departure_date, real_arrival_date) values (15781, 636091400, 14459, 13390, 25442, 3598, '26-Mar-2021', '05-Apr-2021', '17-Feb-2021', '17-Jun-2021');
insert into shiptrip (shiptrip_id, mmsi, departure_location, arrival_location, loading_cargo_id, unloading_cargo_id, est_departure_date, est_arrival_date, real_departure_date, real_arrival_date) values (99105, 229767000, 216592, 30045, 62590, 93962, '16-Mar-2021', '17-Apr-2021', '04-Feb-2021', '17-Apr-2021');
insert into shiptrip (shiptrip_id, mmsi, departure_location, arrival_location, loading_cargo_id, unloading_cargo_id, est_departure_date, est_arrival_date, real_departure_date, real_arrival_date) values (79558, 636092932, 21863, 22226, 86476, 2025, '25-Mar-2021', '30-Apr-2021', '07-Feb-2021', '10-May-2021');
insert into shiptrip (shiptrip_id, mmsi, departure_location, arrival_location, loading_cargo_id, unloading_cargo_id, est_departure_date, est_arrival_date, real_departure_date, real_arrival_date) values (18937, 636092932, 30045, 27792, 19821, 3598, '16-Feb-2021', '16-Jun-2021', '14-Feb-2021', '20-May-2021');
insert into shiptrip (shiptrip_id, mmsi, departure_location, arrival_location, loading_cargo_id, unloading_cargo_id, est_departure_date, est_arrival_date, real_departure_date, real_arrival_date) values (18467, 229767000, 18200, 13390, 57546, 91736, '10-Feb-2021', '23-May-2021', '01-Mar-2021', '18-May-2021');
insert into shiptrip (shiptrip_id, mmsi, departure_location, arrival_location, loading_cargo_id, unloading_cargo_id, est_departure_date, est_arrival_date, real_departure_date, real_arrival_date) values (97250, 229961000, 10136, 20826, 2025, 67603, '12-Mar-2021', '20-May-2021', '13-Feb-2021', '28-Apr-2021');
insert into shiptrip (shiptrip_id, mmsi, departure_location, arrival_location, loading_cargo_id, unloading_cargo_id, est_departure_date, est_arrival_date, real_departure_date, real_arrival_date) values (2229, 305373000, 18012, 18454, 93962, 67603, '25-Feb-2021', '13-May-2021', '13-Feb-2021', '13-Apr-2021');
insert into shiptrip (shiptrip_id, mmsi, departure_location, arrival_location, loading_cargo_id, unloading_cargo_id, est_departure_date, est_arrival_date, real_departure_date, real_arrival_date) values (6563, 636019825, 14277, 28781, 45228, 54091, '16-Feb-2021', '24-May-2021', '12-Feb-2021', '23-May-2021');
insert into shiptrip (shiptrip_id, mmsi, departure_location, arrival_location, loading_cargo_id, unloading_cargo_id, est_departure_date, est_arrival_date, real_departure_date, real_arrival_date) values (92546, 636091400, 28781, 10358, 37588, 9004, '06-Mar-2021', '17-Jun-2021', '03-Mar-2021', '29-May-2021');
insert into shiptrip (shiptrip_id, mmsi, departure_location, arrival_location, loading_cargo_id, unloading_cargo_id, est_departure_date, est_arrival_date, real_departure_date, real_arrival_date) values (93286, 305176000, 29749, 10136, 57546, 62590, '19-Feb-2021', '06-Jun-2021', '27-Feb-2021', '29-Jun-2021');
insert into shiptrip (shiptrip_id, mmsi, departure_location, arrival_location, loading_cargo_id, unloading_cargo_id, est_departure_date, est_arrival_date, real_departure_date, real_arrival_date) values (39818, 228339600, 28261, 21451, 87507, 9004, '09-Feb-2021', '08-Apr-2021', '16-Feb-2021', '16-May-2021');
insert into shiptrip (shiptrip_id, mmsi, departure_location, arrival_location, loading_cargo_id, unloading_cargo_id, est_departure_date, est_arrival_date, real_departure_date, real_arrival_date) values (56510, 256304000, 14459, 18012, 86476, 9062, '25-Mar-2021', '21-May-2021', '01-Mar-2021', '01-Jun-2021');
insert into shiptrip (shiptrip_id, mmsi, departure_location, arrival_location, loading_cargo_id, unloading_cargo_id, est_departure_date, est_arrival_date, real_departure_date, real_arrival_date) values (94234, 212351000, 16485, 20072, 45806, 54561, '02-Mar-2021', '15-Apr-2021', '26-Feb-2021', '08-Jun-2021');
insert into shiptrip (shiptrip_id, mmsi, departure_location, arrival_location, loading_cargo_id, unloading_cargo_id, est_departure_date, est_arrival_date, real_departure_date, real_arrival_date) values (23052, 228339600, 29973, 14459, 16358, 64912, '25-Mar-2021', '18-May-2021', '25-Feb-2021', '04-May-2021');
insert into shiptrip (shiptrip_id, mmsi, departure_location, arrival_location, loading_cargo_id, unloading_cargo_id, est_departure_date, est_arrival_date, real_departure_date, real_arrival_date) values (14642, 228339600, 21451, 19057, 48193, 83244, '21-Mar-2021', '07-Apr-2021', '05-Mar-2021', '10-Jun-2021');
insert into shiptrip (shiptrip_id, mmsi, departure_location, arrival_location, loading_cargo_id, unloading_cargo_id, est_departure_date, est_arrival_date, real_departure_date, real_arrival_date) values (48296, 249047000, 25350, 21457, 87507, 723, '27-Mar-2021', '05-May-2021', '06-Feb-2021', '18-Apr-2021');
insert into shiptrip (shiptrip_id, mmsi, departure_location, arrival_location, loading_cargo_id, unloading_cargo_id, est_departure_date, est_arrival_date, real_departure_date, real_arrival_date) values (10725, 258692000, 11180, 213737, 34491, 93962, '19-Feb-2021', '16-May-2021', '06-Mar-2021', '17-May-2021');
insert into shiptrip (shiptrip_id, mmsi, departure_location, arrival_location, loading_cargo_id, unloading_cargo_id, est_departure_date, est_arrival_date, real_departure_date, real_arrival_date) values (71219, 212180000, 18012, 29239, 25442, 11031, '15-Feb-2021', '15-Jun-2021', '21-Feb-2021', '04-Apr-2021');
insert into shiptrip (shiptrip_id, mmsi, departure_location, arrival_location, loading_cargo_id, unloading_cargo_id, est_departure_date, est_arrival_date, real_departure_date, real_arrival_date) values (46133, 256304000, 29239, 21863, 53304, 78991, '24-Feb-2021', '18-Apr-2021', '23-Mar-2021', '18-Apr-2021');
insert into shiptrip (shiptrip_id, mmsi, departure_location, arrival_location, loading_cargo_id, unloading_cargo_id, est_departure_date, est_arrival_date, real_departure_date, real_arrival_date) values (60712, 235092459, 22226, 18867, 80342, 52328, '06-Mar-2021', '04-May-2021', '18-Mar-2021', '10-Apr-2021');
insert into shiptrip (shiptrip_id, mmsi, departure_location, arrival_location, loading_cargo_id, unloading_cargo_id, est_departure_date, est_arrival_date, real_departure_date, real_arrival_date) values (65849, 257881000, 27792, 17941, 2025, 57650, '06-Mar-2021', '12-May-2021', '12-Feb-2021', '28-May-2021');
insert into shiptrip (shiptrip_id, mmsi, departure_location, arrival_location, loading_cargo_id, unloading_cargo_id, est_departure_date, est_arrival_date, real_departure_date, real_arrival_date) values (29353, 210950000, 14226, 26147, 9004, 69477, '23-Feb-2021', '21-Apr-2021', '17-Mar-2021', '14-May-2021');
insert into shiptrip (shiptrip_id, mmsi, departure_location, arrival_location, loading_cargo_id, unloading_cargo_id, est_departure_date, est_arrival_date, real_departure_date, real_arrival_date) values (98048, 257881000, 12543, 22770, 48193, 34491, '07-Feb-2021', '20-Jun-2021', '15-Feb-2021', '30-May-2021');
insert into shiptrip (shiptrip_id, mmsi, departure_location, arrival_location, loading_cargo_id, unloading_cargo_id, est_departure_date, est_arrival_date, real_departure_date, real_arrival_date) values (62666, 228339600, 29002, 20351, 52328, 57650, '09-Mar-2021', '03-Apr-2021', '11-Feb-2021', '12-Jun-2021');
insert into shiptrip (shiptrip_id, mmsi, departure_location, arrival_location, loading_cargo_id, unloading_cargo_id, est_departure_date, est_arrival_date, real_departure_date, real_arrival_date) values (83530, 256304000, 21451, 20351, 52328, 12366, '17-Mar-2021', '11-Jun-2021', '24-Mar-2021', '16-May-2021');
insert into shiptrip (shiptrip_id, mmsi, departure_location, arrival_location, loading_cargo_id, unloading_cargo_id, est_departure_date, est_arrival_date, real_departure_date, real_arrival_date) values (25621, 228339600, 21556, 21863, 82845, 54091, '19-Feb-2021', '17-May-2021', '27-Mar-2021', '16-Apr-2021');
insert into shiptrip (shiptrip_id, mmsi, departure_location, arrival_location, loading_cargo_id, unloading_cargo_id, est_departure_date, est_arrival_date, real_departure_date, real_arrival_date) values (63398, 636091400, 14459, 16737, 53304, 71971, '12-Mar-2021', '26-Jun-2021', '10-Feb-2021', '27-Jun-2021');
insert into shiptrip (shiptrip_id, mmsi, departure_location, arrival_location, loading_cargo_id, unloading_cargo_id, est_departure_date, est_arrival_date, real_departure_date, real_arrival_date) values (2085, 229961000, 19473, 22522, 16358, 73258, '14-Feb-2021', '14-May-2021', '14-Feb-2021', '12-Jun-2021');
insert into shiptrip (shiptrip_id, mmsi, departure_location, arrival_location, loading_cargo_id, unloading_cargo_id, est_departure_date, est_arrival_date, real_departure_date, real_arrival_date) values (40938, 258692000, 11771, 17386, 37588, 45806, '08-Mar-2021', '07-Apr-2021', '17-Mar-2021', '05-Jun-2021');
insert into shiptrip (shiptrip_id, mmsi, departure_location, arrival_location, loading_cargo_id, unloading_cargo_id, est_departure_date, est_arrival_date, real_departure_date, real_arrival_date) values (70747, 636092932, 29239, 11174, 12366, 80342, '22-Feb-2021', '06-Jun-2021', '15-Mar-2021', '16-Jun-2021');
insert into shiptrip (shiptrip_id, mmsi, departure_location, arrival_location, loading_cargo_id, unloading_cargo_id, est_departure_date, est_arrival_date, real_departure_date, real_arrival_date) values (59666, 212351000, 14459, 21457, 9004, 77328, '26-Mar-2021', '03-Jun-2021', '21-Feb-2021', '15-Jun-2021');
insert into shiptrip (shiptrip_id, mmsi, departure_location, arrival_location, loading_cargo_id, unloading_cargo_id, est_departure_date, est_arrival_date, real_departure_date, real_arrival_date) values (66617, 636019825, 18454, 11771, 54561, 80342, '06-Feb-2021', '06-Apr-2021', '21-Mar-2021', '12-Jun-2021');
insert into shiptrip (shiptrip_id, mmsi, departure_location, arrival_location, loading_cargo_id, unloading_cargo_id, est_departure_date, est_arrival_date, real_departure_date, real_arrival_date) values (17957, 258692000, 29749, 24951, 54091, 62590, '13-Mar-2021', '08-Jun-2021', '27-Mar-2021', '10-Apr-2021');
insert into shiptrip (shiptrip_id, mmsi, departure_location, arrival_location, loading_cargo_id, unloading_cargo_id, est_departure_date, est_arrival_date, real_departure_date, real_arrival_date) values (6242, 229961000, 21863, 29876, 11031, 71971, '12-Feb-2021', '11-Apr-2021', '18-Feb-2021', '15-Apr-2021');
insert into shiptrip (shiptrip_id, mmsi, departure_location, arrival_location, loading_cargo_id, unloading_cargo_id, est_departure_date, est_arrival_date, real_departure_date, real_arrival_date) values (96335, 229961000, 13012, 21451, 16358, 45806, '24-Feb-2021', '08-May-2021', '17-Mar-2021', '29-Jun-2021');
insert into shiptrip (shiptrip_id, mmsi, departure_location, arrival_location, loading_cargo_id, unloading_cargo_id, est_departure_date, est_arrival_date, real_departure_date, real_arrival_date) values (82059, 229767000, 21381, 29002, 86476, 54561, '18-Feb-2021', '18-Apr-2021', '25-Mar-2021', '14-Apr-2021');
insert into shiptrip (shiptrip_id, mmsi, departure_location, arrival_location, loading_cargo_id, unloading_cargo_id, est_departure_date, est_arrival_date, real_departure_date, real_arrival_date) values (86519, 256304000, 14277, 228264, 91736, 30009, '20-Feb-2021', '11-May-2021', '12-Mar-2021', '28-Apr-2021');
insert into shiptrip (shiptrip_id, mmsi, departure_location, arrival_location, loading_cargo_id, unloading_cargo_id, est_departure_date, est_arrival_date, real_departure_date, real_arrival_date) values (69252, 229961000, 20351, 13390, 47409, 86476, '06-Feb-2021', '25-Apr-2021', '14-Feb-2021', '12-Apr-2021');
insert into shiptrip (shiptrip_id, mmsi, departure_location, arrival_location, loading_cargo_id, unloading_cargo_id, est_departure_date, est_arrival_date, real_departure_date, real_arrival_date) values (27966, 303267000, 228264, 13390, 30009, 86476, '26-Feb-2021', '14-Jun-2021', '02-Mar-2021', '27-Apr-2021');
insert into shiptrip (shiptrip_id, mmsi, departure_location, arrival_location, loading_cargo_id, unloading_cargo_id, est_departure_date, est_arrival_date, real_departure_date, real_arrival_date) values (8839, 228339600, 10136, 213737, 59447, 91736, '31-Mar-2021', '20-Jun-2021', '23-Mar-2021', '20-May-2021');
insert into shiptrip (shiptrip_id, mmsi, departure_location, arrival_location, loading_cargo_id, unloading_cargo_id, est_departure_date, est_arrival_date, real_departure_date, real_arrival_date) values (3021, 256888000, 14113, 27792, 91736, 47409, '16-Mar-2021', '24-Apr-2021', '31-Mar-2021', '22-Jun-2021');
insert into shiptrip (shiptrip_id, mmsi, departure_location, arrival_location, loading_cargo_id, unloading_cargo_id, est_departure_date, est_arrival_date, real_departure_date, real_arrival_date) values (84968, 303267000, 15107, 213737, 82845, 69477, '07-Mar-2021', '17-Apr-2021', '07-Mar-2021', '02-Apr-2021');
insert into shiptrip (shiptrip_id, mmsi, departure_location, arrival_location, loading_cargo_id, unloading_cargo_id, est_departure_date, est_arrival_date, real_departure_date, real_arrival_date) values (36577, 229767000, 18454, 18137, 83244, 16358, '28-Mar-2021', '23-Apr-2021', '11-Mar-2021', '13-Apr-2021');
insert into shiptrip (shiptrip_id, mmsi, departure_location, arrival_location, loading_cargo_id, unloading_cargo_id, est_departure_date, est_arrival_date, real_departure_date, real_arrival_date) values (83271, 235092459, 246265, 25007, 64229, 45806, '21-Mar-2021', '07-May-2021', '15-Mar-2021', '08-May-2021');
insert into shiptrip (shiptrip_id, mmsi, departure_location, arrival_location, loading_cargo_id, unloading_cargo_id, est_departure_date, est_arrival_date, real_departure_date, real_arrival_date) values (72966, 258692000, 28313, 14470, 86476, 71971, '06-Feb-2021', '15-Apr-2021', '04-Feb-2021', '19-May-2021');
insert into shiptrip (shiptrip_id, mmsi, departure_location, arrival_location, loading_cargo_id, unloading_cargo_id, est_departure_date, est_arrival_date, real_departure_date, real_arrival_date) values (87531, 249047000, 29749, 13390, 2025, 11031, '14-Mar-2021', '30-May-2021', '25-Mar-2021', '12-Jun-2021');
insert into shiptrip (shiptrip_id, mmsi, departure_location, arrival_location, loading_cargo_id, unloading_cargo_id, est_departure_date, est_arrival_date, real_departure_date, real_arrival_date) values (74149, 258692000, 10563, 21863, 71971, 96922, '21-Mar-2021', '23-Jun-2021', '27-Mar-2021', '29-Apr-2021');
insert into shiptrip (shiptrip_id, mmsi, departure_location, arrival_location, loading_cargo_id, unloading_cargo_id, est_departure_date, est_arrival_date, real_departure_date, real_arrival_date) values (87789, 636092932, 19473, 11174, 80342, 25442, '20-Mar-2021', '14-Apr-2021', '05-Feb-2021', '06-Jun-2021');
insert into shiptrip (shiptrip_id, mmsi, departure_location, arrival_location, loading_cargo_id, unloading_cargo_id, est_departure_date, est_arrival_date, real_departure_date, real_arrival_date) values (45145, 636092932, 14277, 29973, 12366, 79225, '06-Mar-2021', '07-May-2021', '06-Feb-2021', '28-Apr-2021');
insert into shiptrip (shiptrip_id, mmsi, departure_location, arrival_location, loading_cargo_id, unloading_cargo_id, est_departure_date, est_arrival_date, real_departure_date, real_arrival_date) values (91895, 305176000, 20072, 29876, 73258, 34491, '27-Mar-2021', '25-Apr-2021', '26-Mar-2021', '21-Jun-2021');
insert into shiptrip (shiptrip_id, mmsi, departure_location, arrival_location, loading_cargo_id, unloading_cargo_id, est_departure_date, est_arrival_date, real_departure_date, real_arrival_date) values (19807, 258692000, 29749, 29749, 52328, 723, '20-Feb-2021', '26-Apr-2021', '28-Feb-2021', '13-Jun-2021');
insert into shiptrip (shiptrip_id, mmsi, departure_location, arrival_location, loading_cargo_id, unloading_cargo_id, est_departure_date, est_arrival_date, real_departure_date, real_arrival_date) values (50649, 257881000, 13012, 14459, 9004, 52328, '31-Mar-2021', '29-Apr-2021', '30-Mar-2021', '21-Apr-2021');
insert into shiptrip (shiptrip_id, mmsi, departure_location, arrival_location, loading_cargo_id, unloading_cargo_id, est_departure_date, est_arrival_date, real_departure_date, real_arrival_date) values (1047, 258692000, 14113, 246265, 85242, 64229, '19-Feb-2021', '05-May-2021', '09-Mar-2021', '28-Jun-2021');
insert into shiptrip (shiptrip_id, mmsi, departure_location, arrival_location, loading_cargo_id, unloading_cargo_id, est_departure_date, est_arrival_date, real_departure_date, real_arrival_date) values (17191, 303267000, 10138, 19473, 48193, 59447, '27-Mar-2021', '04-May-2021', '02-Mar-2021', '25-Jun-2021');
insert into shiptrip (shiptrip_id, mmsi, departure_location, arrival_location, loading_cargo_id, unloading_cargo_id, est_departure_date, est_arrival_date, real_departure_date, real_arrival_date) values (41537, 636019825, 216592, 28261, 16358, 86476, '16-Mar-2021', '27-Jun-2021', '24-Feb-2021', '31-May-2021');
insert into shiptrip (shiptrip_id, mmsi, departure_location, arrival_location, loading_cargo_id, unloading_cargo_id, est_departure_date, est_arrival_date, real_departure_date, real_arrival_date) values (57270, 228339600, 15107, 11174, 45228, 30009, '16-Mar-2021', '30-May-2021', '16-Mar-2021', '25-Jun-2021');
insert into shiptrip (shiptrip_id, mmsi, departure_location, arrival_location, loading_cargo_id, unloading_cargo_id, est_departure_date, est_arrival_date, real_departure_date, real_arrival_date) values (30974, 256888000, 21381, 11174, 96922, 54091, '25-Mar-2021', '24-May-2021', '06-Mar-2021', '16-Apr-2021');
insert into shiptrip (shiptrip_id, mmsi, departure_location, arrival_location, loading_cargo_id, unloading_cargo_id, est_departure_date, est_arrival_date, real_departure_date, real_arrival_date) values (28557, 636019825, 18682, 29876, 48193, 86476, '16-Mar-2021', '03-May-2021', '02-Mar-2021', '17-Apr-2021');
insert into shiptrip (shiptrip_id, mmsi, departure_location, arrival_location, loading_cargo_id, unloading_cargo_id, est_departure_date, est_arrival_date, real_departure_date, real_arrival_date) values (6048, 305176000, 14635, 19473, 48193, 30009, '26-Mar-2021', '15-May-2021', '17-Mar-2021', '01-Jun-2021');
insert into shiptrip (shiptrip_id, mmsi, departure_location, arrival_location, loading_cargo_id, unloading_cargo_id, est_departure_date, est_arrival_date, real_departure_date, real_arrival_date) values (75990, 256888000, 26147, 28781, 78548, 30009, '08-Feb-2021', '12-May-2021', '03-Feb-2021', '21-Apr-2021');
insert into shiptrip (shiptrip_id, mmsi, departure_location, arrival_location, loading_cargo_id, unloading_cargo_id, est_departure_date, est_arrival_date, real_departure_date, real_arrival_date) values (36138, 636091400, 26147, 26147, 85242, 62698, '17-Mar-2021', '07-Jun-2021', '22-Mar-2021', '21-May-2021');
insert into shiptrip (shiptrip_id, mmsi, departure_location, arrival_location, loading_cargo_id, unloading_cargo_id, est_departure_date, est_arrival_date, real_departure_date, real_arrival_date) values (78516, 636019825, 23247, 28082, 37588, 79225, '15-Feb-2021', '15-May-2021', '05-Mar-2021', '22-Jun-2021');
insert into shiptrip (shiptrip_id, mmsi, departure_location, arrival_location, loading_cargo_id, unloading_cargo_id, est_departure_date, est_arrival_date, real_departure_date, real_arrival_date) values (58591, 229767000, 22522, 21451, 87507, 87507, '05-Feb-2021', '26-May-2021', '05-Mar-2021', '04-Jun-2021');
insert into shiptrip (shiptrip_id, mmsi, departure_location, arrival_location, loading_cargo_id, unloading_cargo_id, est_departure_date, est_arrival_date, real_departure_date, real_arrival_date) values (99340, 235092459, 21556, 22226, 52328, 9004, '16-Mar-2021', '20-Jun-2021', '15-Mar-2021', '25-May-2021');
insert into shiptrip (shiptrip_id, mmsi, departure_location, arrival_location, loading_cargo_id, unloading_cargo_id, est_departure_date, est_arrival_date, real_departure_date, real_arrival_date) values (73132, 210950000, 29973, 30045, 34893, 59447, '09-Mar-2021', '25-Jun-2021', '15-Mar-2021', '12-Apr-2021');
insert into shiptrip (shiptrip_id, mmsi, departure_location, arrival_location, loading_cargo_id, unloading_cargo_id, est_departure_date, est_arrival_date, real_departure_date, real_arrival_date) values (3595, 636091400, 15107, 228264, 78991, 78548, '08-Feb-2021', '01-May-2021', '10-Feb-2021', '08-Jun-2021');
insert into shiptrip (shiptrip_id, mmsi, departure_location, arrival_location, loading_cargo_id, unloading_cargo_id, est_departure_date, est_arrival_date, real_departure_date, real_arrival_date) values (12930, 249047000, 27248, 10860, 83244, 83244, '08-Mar-2021', '21-Jun-2021', '09-Mar-2021', '18-Apr-2021');
insert into shiptrip (shiptrip_id, mmsi, departure_location, arrival_location, loading_cargo_id, unloading_cargo_id, est_departure_date, est_arrival_date, real_departure_date, real_arrival_date) values (90354, 228339600, 21556, 20826, 86476, 45228, '28-Feb-2021', '09-May-2021', '30-Mar-2021', '25-May-2021');
insert into shiptrip (shiptrip_id, mmsi, departure_location, arrival_location, loading_cargo_id, unloading_cargo_id, est_departure_date, est_arrival_date, real_departure_date, real_arrival_date) values (74929, 212180000, 30045, 16485, 34893, 89260, '14-Mar-2021', '26-Jun-2021', '26-Feb-2021', '03-Apr-2021');
insert into shiptrip (shiptrip_id, mmsi, departure_location, arrival_location, loading_cargo_id, unloading_cargo_id, est_departure_date, est_arrival_date, real_departure_date, real_arrival_date) values (7694, 212180000, 216592, 21556, 48193, 16358, '13-Mar-2021', '28-Apr-2021', '09-Mar-2021', '11-Jun-2021');
insert into shiptrip (shiptrip_id, mmsi, departure_location, arrival_location, loading_cargo_id, unloading_cargo_id, est_departure_date, est_arrival_date, real_departure_date, real_arrival_date) values (32138, 636092932, 11180, 28781, 47409, 37588, '17-Feb-2021', '17-May-2021', '12-Mar-2021', '09-May-2021');
insert into shiptrip (shiptrip_id, mmsi, departure_location, arrival_location, loading_cargo_id, unloading_cargo_id, est_departure_date, est_arrival_date, real_departure_date, real_arrival_date) values (47120, 636019825, 13176, 17386, 83244, 67603, '09-Mar-2021', '27-Apr-2021', '19-Feb-2021', '11-Jun-2021');
insert into shiptrip (shiptrip_id, mmsi, departure_location, arrival_location, loading_cargo_id, unloading_cargo_id, est_departure_date, est_arrival_date, real_departure_date, real_arrival_date) values (85805, 212351000, 18326, 28313, 85242, 77328, '22-Mar-2021', '14-Jun-2021', '08-Mar-2021', '05-Apr-2021');
insert into shiptrip (shiptrip_id, mmsi, departure_location, arrival_location, loading_cargo_id, unloading_cargo_id, est_departure_date, est_arrival_date, real_departure_date, real_arrival_date) values (53333, 636091400, 14226, 28781, 2025, 57650, '27-Mar-2021', '13-May-2021', '09-Feb-2021', '26-Apr-2021');
insert into shiptrip (shiptrip_id, mmsi, departure_location, arrival_location, loading_cargo_id, unloading_cargo_id, est_departure_date, est_arrival_date, real_departure_date, real_arrival_date) values (81050, 249047000, 23428, 18200, 79225, 83244, '07-Feb-2021', '03-Jun-2021', '27-Feb-2021', '02-May-2021');
insert into shiptrip (shiptrip_id, mmsi, departure_location, arrival_location, loading_cargo_id, unloading_cargo_id, est_departure_date, est_arrival_date, real_departure_date, real_arrival_date) values (93725, 235092459, 18137, 16485, 25442, 34491, '25-Feb-2021', '14-Jun-2021', '16-Feb-2021', '04-Jun-2021');
insert into shiptrip (shiptrip_id, mmsi, departure_location, arrival_location, loading_cargo_id, unloading_cargo_id, est_departure_date, est_arrival_date, real_departure_date, real_arrival_date) values (20846, 636091400, 19057, 224858, 59447, 12366, '04-Mar-2021', '05-Apr-2021', '02-Feb-2021', '16-May-2021');
insert into shiptrip (shiptrip_id, mmsi, departure_location, arrival_location, loading_cargo_id, unloading_cargo_id, est_departure_date, est_arrival_date, real_departure_date, real_arrival_date) values (42365, 257881000, 18137, 21451, 62698, 25442, '03-Mar-2021', '05-Jun-2021', '11-Mar-2021', '13-Apr-2021');
insert into shiptrip (shiptrip_id, mmsi, departure_location, arrival_location, loading_cargo_id, unloading_cargo_id, est_departure_date, est_arrival_date, real_departure_date, real_arrival_date) values (44193, 212180000, 18012, 11180, 53304, 62590, '24-Feb-2021', '01-May-2021', '26-Mar-2021', '13-Jun-2021');
insert into shiptrip (shiptrip_id, mmsi, departure_location, arrival_location, loading_cargo_id, unloading_cargo_id, est_departure_date, est_arrival_date, real_departure_date, real_arrival_date) values (64790, 229767000, 29876, 18937, 723, 723, '17-Feb-2021', '07-Apr-2021', '27-Mar-2021', '19-Jun-2021');
insert into shiptrip (shiptrip_id, mmsi, departure_location, arrival_location, loading_cargo_id, unloading_cargo_id, est_departure_date, est_arrival_date, real_departure_date, real_arrival_date) values (8755, 305373000, 10358, 13012, 11031, 64229, '31-Mar-2021', '24-May-2021', '30-Mar-2021', '31-May-2021');
insert into shiptrip (shiptrip_id, mmsi, departure_location, arrival_location, loading_cargo_id, unloading_cargo_id, est_departure_date, est_arrival_date, real_departure_date, real_arrival_date) values (86819, 636019825, 22226, 25350, 45228, 34491, '14-Mar-2021', '02-Jun-2021', '02-Feb-2021', '06-May-2021');
insert into shiptrip (shiptrip_id, mmsi, departure_location, arrival_location, loading_cargo_id, unloading_cargo_id, est_departure_date, est_arrival_date, real_departure_date, real_arrival_date) values (34632, 212351000, 23247, 17386, 25442, 39823, '26-Mar-2021', '27-May-2021', '26-Feb-2021', '17-Apr-2021');
insert into shiptrip (shiptrip_id, mmsi, departure_location, arrival_location, loading_cargo_id, unloading_cargo_id, est_departure_date, est_arrival_date, real_departure_date, real_arrival_date) values (4269, 636092932, 22522, 27728, 16358, 47409, '27-Mar-2021', '07-Jun-2021', '06-Feb-2021', '23-Jun-2021');
insert into shiptrip (shiptrip_id, mmsi, departure_location, arrival_location, loading_cargo_id, unloading_cargo_id, est_departure_date, est_arrival_date, real_departure_date, real_arrival_date) values (38351, 229767000, 13012, 18012, 91736, 64912, '21-Feb-2021', '17-Apr-2021', '21-Mar-2021', '29-Apr-2021');
insert into shiptrip (shiptrip_id, mmsi, departure_location, arrival_location, loading_cargo_id, unloading_cargo_id, est_departure_date, est_arrival_date, real_departure_date, real_arrival_date) values (45077, 305176000, 19057, 23428, 45806, 89260, '11-Feb-2021', '26-Apr-2021', '22-Feb-2021', '05-Apr-2021');
insert into shiptrip (shiptrip_id, mmsi, departure_location, arrival_location, loading_cargo_id, unloading_cargo_id, est_departure_date, est_arrival_date, real_departure_date, real_arrival_date) values (13165, 636019825, 19057, 18454, 78548, 48193, '09-Mar-2021', '09-Apr-2021', '10-Feb-2021', '17-Apr-2021');
insert into shiptrip (shiptrip_id, mmsi, departure_location, arrival_location, loading_cargo_id, unloading_cargo_id, est_departure_date, est_arrival_date, real_departure_date, real_arrival_date) values (47259, 305176000, 18454, 10138, 48193, 52328, '04-Feb-2021', '03-Jun-2021', '03-Mar-2021', '28-Jun-2021');
insert into shiptrip (shiptrip_id, mmsi, departure_location, arrival_location, loading_cargo_id, unloading_cargo_id, est_departure_date, est_arrival_date, real_departure_date, real_arrival_date) values (10091, 256888000, 21556, 246265, 93962, 96922, '03-Mar-2021', '25-May-2021', '17-Mar-2021', '24-May-2021');
insert into shiptrip (shiptrip_id, mmsi, departure_location, arrival_location, loading_cargo_id, unloading_cargo_id, est_departure_date, est_arrival_date, real_departure_date, real_arrival_date) values (94043, 235092459, 25350, 21457, 54091, 723, '08-Mar-2021', '19-Jun-2021', '12-Mar-2021', '12-Apr-2021');
insert into shiptrip (shiptrip_id, mmsi, departure_location, arrival_location, loading_cargo_id, unloading_cargo_id, est_departure_date, est_arrival_date, real_departure_date, real_arrival_date) values (54806, 256304000, 21556, 23428, 89260, 78991, '19-Feb-2021', '26-Apr-2021', '20-Mar-2021', '13-Jun-2021');
insert into shiptrip (shiptrip_id, mmsi, departure_location, arrival_location, loading_cargo_id, unloading_cargo_id, est_departure_date, est_arrival_date, real_departure_date, real_arrival_date) values (23505, 249047000, 20351, 12543, 57650, 64229, '20-Feb-2021', '19-Apr-2021', '28-Feb-2021', '22-Apr-2021');
insert into shiptrip (shiptrip_id, mmsi, departure_location, arrival_location, loading_cargo_id, unloading_cargo_id, est_departure_date, est_arrival_date, real_departure_date, real_arrival_date) values (12599, 229767000, 21556, 20847, 87507, 34893, '06-Mar-2021', '26-Apr-2021', '08-Feb-2021', '13-May-2021');
insert into shiptrip (shiptrip_id, mmsi, departure_location, arrival_location, loading_cargo_id, unloading_cargo_id, est_departure_date, est_arrival_date, real_departure_date, real_arrival_date) values (2810, 212351000, 18682, 19473, 71971, 80342, '09-Feb-2021', '26-Jun-2021', '12-Feb-2021', '17-Apr-2021');
insert into shiptrip (shiptrip_id, mmsi, departure_location, arrival_location, loading_cargo_id, unloading_cargo_id, est_departure_date, est_arrival_date, real_departure_date, real_arrival_date) values (74909, 305176000, 10136, 28781, 78991, 9004, '25-Mar-2021', '08-Jun-2021', '18-Mar-2021', '05-Apr-2021');
insert into shiptrip (shiptrip_id, mmsi, departure_location, arrival_location, loading_cargo_id, unloading_cargo_id, est_departure_date, est_arrival_date, real_departure_date, real_arrival_date) values (74118, 212351000, 10138, 20301, 16358, 64912, '12-Mar-2021', '02-May-2021', '20-Mar-2021', '15-May-2021');
insert into shiptrip (shiptrip_id, mmsi, departure_location, arrival_location, loading_cargo_id, unloading_cargo_id, est_departure_date, est_arrival_date, real_departure_date, real_arrival_date) values (51939, 256888000, 25007, 228264, 73258, 19821, '25-Mar-2021', '12-May-2021', '22-Mar-2021', '08-May-2021');
insert into shiptrip (shiptrip_id, mmsi, departure_location, arrival_location, loading_cargo_id, unloading_cargo_id, est_departure_date, est_arrival_date, real_departure_date, real_arrival_date) values (66846, 229961000, 21451, 18012, 96922, 69477, '17-Mar-2021', '20-Jun-2021', '11-Mar-2021', '10-May-2021');
insert into shiptrip (shiptrip_id, mmsi, departure_location, arrival_location, loading_cargo_id, unloading_cargo_id, est_departure_date, est_arrival_date, real_departure_date, real_arrival_date) values (40316, 636019825, 22770, 24951, 78991, 47409, '18-Mar-2021', '13-Apr-2021', '18-Mar-2021', '29-May-2021');
--200 shiptrips inserted

insert into shipment (container_id, shiptrip_id) values (3233585, 25808);
insert into shipment (container_id, shiptrip_id) values (1904747, 41105);
insert into shipment (container_id, shiptrip_id) values (3028348, 25263);
insert into shipment (container_id, shiptrip_id) values (2031434, 44175);
insert into shipment (container_id, shiptrip_id) values (9527611, 79545);
insert into shipment (container_id, shiptrip_id) values (9170179, 34729);
insert into shipment (container_id, shiptrip_id) values (1135325, 78516);
insert into shipment (container_id, shiptrip_id) values (2191134, 91641);
insert into shipment (container_id, shiptrip_id) values (6039821, 47259);
insert into shipment (container_id, shiptrip_id) values (2218822, 71219);
insert into shipment (container_id, shiptrip_id) values (3880751, 83271);
insert into shipment (container_id, shiptrip_id) values (2481560, 43865);
insert into shipment (container_id, shiptrip_id) values (2557466, 74909);
insert into shipment (container_id, shiptrip_id) values (8441953, 3595);
insert into shipment (container_id, shiptrip_id) values (4398641, 64861);
insert into shipment (container_id, shiptrip_id) values (4401199, 87789);
insert into shipment (container_id, shiptrip_id) values (7774948, 32138);
insert into shipment (container_id, shiptrip_id) values (1409459, 24044);
insert into shipment (container_id, shiptrip_id) values (8169639, 87087);
insert into shipment (container_id, shiptrip_id) values (3910872, 25621);
insert into shipment (container_id, shiptrip_id) values (5273773, 50944);
insert into shipment (container_id, shiptrip_id) values (9259672, 8292);
insert into shipment (container_id, shiptrip_id) values (3233819, 78516);
insert into shipment (container_id, shiptrip_id) values (9965499, 8292);
insert into shipment (container_id, shiptrip_id) values (7622237, 54806);
insert into shipment (container_id, shiptrip_id) values (735447, 3387);
insert into shipment (container_id, shiptrip_id) values (7070276, 98758);
insert into shipment (container_id, shiptrip_id) values (4025716, 81050);
insert into shipment (container_id, shiptrip_id) values (2641496, 97616);
insert into shipment (container_id, shiptrip_id) values (7937317, 45077);
insert into shipment (container_id, shiptrip_id) values (4268842, 21375);
insert into shipment (container_id, shiptrip_id) values (3067402, 46133);
insert into shipment (container_id, shiptrip_id) values (3145967, 74909);
insert into shipment (container_id, shiptrip_id) values (5817375, 27337);
insert into shipment (container_id, shiptrip_id) values (1319739, 3387);
insert into shipment (container_id, shiptrip_id) values (5012829, 66617);
insert into shipment (container_id, shiptrip_id) values (9337577, 69252);
insert into shipment (container_id, shiptrip_id) values (4174630, 20846);
insert into shipment (container_id, shiptrip_id) values (1039625, 27337);
insert into shipment (container_id, shiptrip_id) values (6778409, 87789);
insert into shipment (container_id, shiptrip_id) values (6792427, 3595);
insert into shipment (container_id, shiptrip_id) values (1955628, 53525);
insert into shipment (container_id, shiptrip_id) values (9105611, 95706);
insert into shipment (container_id, shiptrip_id) values (7349448, 96335);
insert into shipment (container_id, shiptrip_id) values (7676820, 34597);
insert into shipment (container_id, shiptrip_id) values (7768198, 42365);
insert into shipment (container_id, shiptrip_id) values (9825070, 45077);
insert into shipment (container_id, shiptrip_id) values (2470948, 24044);
insert into shipment (container_id, shiptrip_id) values (9812343, 79386);
insert into shipment (container_id, shiptrip_id) values (5293006, 2830);
insert into shipment (container_id, shiptrip_id) values (5946455, 34632);
insert into shipment (container_id, shiptrip_id) values (9975208, 15991);
insert into shipment (container_id, shiptrip_id) values (6345878, 12930);
insert into shipment (container_id, shiptrip_id) values (694654, 58230);
insert into shipment (container_id, shiptrip_id) values (8891316, 64790);
insert into shipment (container_id, shiptrip_id) values (3658769, 44175);
insert into shipment (container_id, shiptrip_id) values (4412557, 19250);
insert into shipment (container_id, shiptrip_id) values (9176793, 49375);
insert into shipment (container_id, shiptrip_id) values (5054890, 10091);
insert into shipment (container_id, shiptrip_id) values (960678, 60787);
insert into shipment (container_id, shiptrip_id) values (5120731, 34729);
insert into shipment (container_id, shiptrip_id) values (2797500, 99340);
insert into shipment (container_id, shiptrip_id) values (2512543, 71219);
insert into shipment (container_id, shiptrip_id) values (5614025, 16692);
insert into shipment (container_id, shiptrip_id) values (8716817, 60712);
insert into shipment (container_id, shiptrip_id) values (1140650, 66617);
insert into shipment (container_id, shiptrip_id) values (1604051, 27326);
insert into shipment (container_id, shiptrip_id) values (8567040, 65947);
insert into shipment (container_id, shiptrip_id) values (5890064, 91895);
insert into shipment (container_id, shiptrip_id) values (1002674, 64790);
insert into shipment (container_id, shiptrip_id) values (3992981, 58230);
insert into shipment (container_id, shiptrip_id) values (5822028, 36138);
insert into shipment (container_id, shiptrip_id) values (6257767, 97250);
insert into shipment (container_id, shiptrip_id) values (6645944, 34729);
insert into shipment (container_id, shiptrip_id) values (4459404, 40477);
insert into shipment (container_id, shiptrip_id) values (3207629, 381);
insert into shipment (container_id, shiptrip_id) values (2292997, 24044);
insert into shipment (container_id, shiptrip_id) values (9404585, 53333);
insert into shipment (container_id, shiptrip_id) values (2625433, 12930);
insert into shipment (container_id, shiptrip_id) values (6901880, 41537);
insert into shipment (container_id, shiptrip_id) values (1843881, 53525);
insert into shipment (container_id, shiptrip_id) values (7552504, 23505);
insert into shipment (container_id, shiptrip_id) values (388089, 652);
insert into shipment (container_id, shiptrip_id) values (4787993, 66846);
insert into shipment (container_id, shiptrip_id) values (260918, 77123);
insert into shipment (container_id, shiptrip_id) values (9358793, 652);
insert into shipment (container_id, shiptrip_id) values (6718938, 16692);
insert into shipment (container_id, shiptrip_id) values (7845080, 94234);
insert into shipment (container_id, shiptrip_id) values (5900, 66561);
insert into shipment (container_id, shiptrip_id) values (845424, 18937);
insert into shipment (container_id, shiptrip_id) values (398230, 46133);
insert into shipment (container_id, shiptrip_id) values (4921493, 56510);
insert into shipment (container_id, shiptrip_id) values (6410310, 1123);
insert into shipment (container_id, shiptrip_id) values (5639416, 66140);
insert into shipment (container_id, shiptrip_id) values (7580474, 91123);
insert into shipment (container_id, shiptrip_id) values (7324790, 25621);
insert into shipment (container_id, shiptrip_id) values (8775420, 63398);
insert into shipment (container_id, shiptrip_id) values (1087083, 81050);
insert into shipment (container_id, shiptrip_id) values (4491675, 51939);
insert into shipment (container_id, shiptrip_id) values (165580, 98758);
insert into shipment (container_id, shiptrip_id) values (6130051, 8755);
insert into shipment (container_id, shiptrip_id) values (6458570, 40938);
insert into shipment (container_id, shiptrip_id) values (4612749, 40477);
insert into shipment (container_id, shiptrip_id) values (6829766, 46075);
insert into shipment (container_id, shiptrip_id) values (6097350, 18190);
insert into shipment (container_id, shiptrip_id) values (1228783, 2229);
insert into shipment (container_id, shiptrip_id) values (6538949, 47035);
insert into shipment (container_id, shiptrip_id) values (2669362, 58591);
insert into shipment (container_id, shiptrip_id) values (3489006, 70747);
insert into shipment (container_id, shiptrip_id) values (8093567, 19250);
insert into shipment (container_id, shiptrip_id) values (6374728, 42365);
insert into shipment (container_id, shiptrip_id) values (285905, 85805);
insert into shipment (container_id, shiptrip_id) values (3480266, 25808);
insert into shipment (container_id, shiptrip_id) values (3522989, 27326);
insert into shipment (container_id, shiptrip_id) values (4613049, 36577);
insert into shipment (container_id, shiptrip_id) values (3222498, 79545);
insert into shipment (container_id, shiptrip_id) values (5086596, 99340);
insert into shipment (container_id, shiptrip_id) values (4759066, 48296);
insert into shipment (container_id, shiptrip_id) values (4003869, 66617);
insert into shipment (container_id, shiptrip_id) values (2992623, 91895);
insert into shipment (container_id, shiptrip_id) values (641903, 27326);
insert into shipment (container_id, shiptrip_id) values (7595851, 66846);
insert into shipment (container_id, shiptrip_id) values (4759142, 381);
insert into shipment (container_id, shiptrip_id) values (270754, 38729);
insert into shipment (container_id, shiptrip_id) values (9861077, 85544);
insert into shipment (container_id, shiptrip_id) values (8842084, 67486);
insert into shipment (container_id, shiptrip_id) values (7705181, 74118);
insert into shipment (container_id, shiptrip_id) values (8809891, 86519);
insert into shipment (container_id, shiptrip_id) values (8778723, 44510);
insert into shipment (container_id, shiptrip_id) values (4716315, 75990);
insert into shipment (container_id, shiptrip_id) values (5769172, 46133);
insert into shipment (container_id, shiptrip_id) values (1665807, 97616);
insert into shipment (container_id, shiptrip_id) values (840852, 4269);
insert into shipment (container_id, shiptrip_id) values (3567687, 43539);
insert into shipment (container_id, shiptrip_id) values (5037421, 91123);
insert into shipment (container_id, shiptrip_id) values (7839631, 82450);
insert into shipment (container_id, shiptrip_id) values (2741964, 90354);
insert into shipment (container_id, shiptrip_id) values (3290662, 43865);
insert into shipment (container_id, shiptrip_id) values (2033352, 32138);
insert into shipment (container_id, shiptrip_id) values (7998290, 45145);
insert into shipment (container_id, shiptrip_id) values (5937754, 56772);
insert into shipment (container_id, shiptrip_id) values (6436374, 62666);
insert into shipment (container_id, shiptrip_id) values (963019, 22465);
insert into shipment (container_id, shiptrip_id) values (2011862, 47035);
insert into shipment (container_id, shiptrip_id) values (6850733, 40477);
insert into shipment (container_id, shiptrip_id) values (9475253, 29586);
insert into shipment (container_id, shiptrip_id) values (7001139, 29586);
insert into shipment (container_id, shiptrip_id) values (8044084, 652);
insert into shipment (container_id, shiptrip_id) values (2584995, 46133);
insert into shipment (container_id, shiptrip_id) values (8532813, 381);
insert into shipment (container_id, shiptrip_id) values (2418905, 72966);
insert into shipment (container_id, shiptrip_id) values (9385641, 9382);
insert into shipment (container_id, shiptrip_id) values (8130908, 55771);
insert into shipment (container_id, shiptrip_id) values (8048681, 17191);
insert into shipment (container_id, shiptrip_id) values (2060406, 3387);
insert into shipment (container_id, shiptrip_id) values (2682149, 41537);
insert into shipment (container_id, shiptrip_id) values (5649436, 79558);
insert into shipment (container_id, shiptrip_id) values (1094225, 79558);
insert into shipment (container_id, shiptrip_id) values (8619501, 49008);
insert into shipment (container_id, shiptrip_id) values (8072980, 38729);
insert into shipment (container_id, shiptrip_id) values (1040882, 8755);
insert into shipment (container_id, shiptrip_id) values (1974757, 18467);
insert into shipment (container_id, shiptrip_id) values (1514529, 13165);
insert into shipment (container_id, shiptrip_id) values (6292947, 66106);
insert into shipment (container_id, shiptrip_id) values (7055212, 15991);
insert into shipment (container_id, shiptrip_id) values (7603538, 47035);
insert into shipment (container_id, shiptrip_id) values (5823979, 39818);
insert into shipment (container_id, shiptrip_id) values (1743254, 6563);
insert into shipment (container_id, shiptrip_id) values (5581989, 86819);
insert into shipment (container_id, shiptrip_id) values (6052816, 84968);
insert into shipment (container_id, shiptrip_id) values (4605110, 92546);
insert into shipment (container_id, shiptrip_id) values (4872288, 83530);
insert into shipment (container_id, shiptrip_id) values (5750478, 73706);
insert into shipment (container_id, shiptrip_id) values (8734306, 73132);
insert into shipment (container_id, shiptrip_id) values (6646013, 78516);
insert into shipment (container_id, shiptrip_id) values (7439302, 87789);
insert into shipment (container_id, shiptrip_id) values (85295, 95706);
insert into shipment (container_id, shiptrip_id) values (891969, 74929);
insert into shipment (container_id, shiptrip_id) values (1691867, 74149);
insert into shipment (container_id, shiptrip_id) values (6947534, 56510);
insert into shipment (container_id, shiptrip_id) values (1677850, 27326);
insert into shipment (container_id, shiptrip_id) values (5415442, 27966);
insert into shipment (container_id, shiptrip_id) values (4301809, 17191);
insert into shipment (container_id, shiptrip_id) values (1583404, 69252);
insert into shipment (container_id, shiptrip_id) values (4312896, 2229);
insert into shipment (container_id, shiptrip_id) values (8273396, 25772);
insert into shipment (container_id, shiptrip_id) values (6738835, 76274);
insert into shipment (container_id, shiptrip_id) values (2529872, 53525);
insert into shipment (container_id, shiptrip_id) values (2552032, 38729);
insert into shipment (container_id, shiptrip_id) values (4362886, 381);
insert into shipment (container_id, shiptrip_id) values (5424058, 58230);
insert into shipment (container_id, shiptrip_id) values (556349, 16692);
insert into shipment (container_id, shiptrip_id) values (3341431, 17191);
insert into shipment (container_id, shiptrip_id) values (8873258, 34632);
insert into shipment (container_id, shiptrip_id) values (197586, 74118);
insert into shipment (container_id, shiptrip_id) values (2332604, 23505);
insert into shipment (container_id, shiptrip_id) values (3526166, 43865);
insert into shipment (container_id, shiptrip_id) values (4927071, 80104);
insert into shipment (container_id, shiptrip_id) values (8276491, 3322);
insert into shipment (container_id, shiptrip_id) values (3516357, 87531);
insert into shipment (container_id, shiptrip_id) values (311687, 2830);
insert into shipment (container_id, shiptrip_id) values (2567993, 75990);
insert into shipment (container_id, shiptrip_id) values (4026391, 91641);
insert into shipment (container_id, shiptrip_id) values (1162164, 65196);
insert into shipment (container_id, shiptrip_id) values (9182837, 47035);
insert into shipment (container_id, shiptrip_id) values (3434499, 58230);
insert into shipment (container_id, shiptrip_id) values (2609181, 64861);
insert into shipment (container_id, shiptrip_id) values (6532786, 7143);
insert into shipment (container_id, shiptrip_id) values (6686130, 87087);
insert into shipment (container_id, shiptrip_id) values (7302779, 69252);
insert into shipment (container_id, shiptrip_id) values (1431833, 63398);
insert into shipment (container_id, shiptrip_id) values (5661253, 41105);
insert into shipment (container_id, shiptrip_id) values (5752183, 92741);
insert into shipment (container_id, shiptrip_id) values (1240004, 7694);
insert into shipment (container_id, shiptrip_id) values (7849809, 17957);
insert into shipment (container_id, shiptrip_id) values (2256982, 12599);
insert into shipment (container_id, shiptrip_id) values (8992407, 60787);
insert into shipment (container_id, shiptrip_id) values (4985910, 5225);
insert into shipment (container_id, shiptrip_id) values (7098726, 43976);
insert into shipment (container_id, shiptrip_id) values (9804563, 53333);
insert into shipment (container_id, shiptrip_id) values (3575312, 8755);
insert into shipment (container_id, shiptrip_id) values (4778416, 65138);
insert into shipment (container_id, shiptrip_id) values (8815163, 79545);
insert into shipment (container_id, shiptrip_id) values (9503186, 79470);
insert into shipment (container_id, shiptrip_id) values (8676903, 70747);
insert into shipment (container_id, shiptrip_id) values (2996582, 2229);
insert into shipment (container_id, shiptrip_id) values (7571220, 1047);
insert into shipment (container_id, shiptrip_id) values (3515534, 70404);
insert into shipment (container_id, shiptrip_id) values (4940968, 19757);
insert into shipment (container_id, shiptrip_id) values (7948848, 50944);
insert into shipment (container_id, shiptrip_id) values (3455976, 66106);
insert into shipment (container_id, shiptrip_id) values (2585497, 91895);
insert into shipment (container_id, shiptrip_id) values (1312260, 57270);
insert into shipment (container_id, shiptrip_id) values (4760175, 45145);
insert into shipment (container_id, shiptrip_id) values (3270450, 98758);
insert into shipment (container_id, shiptrip_id) values (9773989, 63234);
insert into shipment (container_id, shiptrip_id) values (5801946, 30491);
insert into shipment (container_id, shiptrip_id) values (4847797, 4269);
insert into shipment (container_id, shiptrip_id) values (1161499, 25772);
insert into shipment (container_id, shiptrip_id) values (4032846, 1123);
insert into shipment (container_id, shiptrip_id) values (9393380, 75990);
insert into shipment (container_id, shiptrip_id) values (8563324, 73706);
insert into shipment (container_id, shiptrip_id) values (5205902, 39818);
insert into shipment (container_id, shiptrip_id) values (4785945, 7694);
insert into shipment (container_id, shiptrip_id) values (1935053, 79558);
insert into shipment (container_id, shiptrip_id) values (9954944, 66617);
insert into shipment (container_id, shiptrip_id) values (6724168, 49375);
insert into shipment (container_id, shiptrip_id) values (5718819, 40938);
insert into shipment (container_id, shiptrip_id) values (7230953, 1123);
insert into shipment (container_id, shiptrip_id) values (6069753, 93286);
insert into shipment (container_id, shiptrip_id) values (6835721, 9382);
insert into shipment (container_id, shiptrip_id) values (7237236, 10091);
insert into shipment (container_id, shiptrip_id) values (984994, 47120);
insert into shipment (container_id, shiptrip_id) values (3198359, 10725);
insert into shipment (container_id, shiptrip_id) values (3551513, 30974);
insert into shipment (container_id, shiptrip_id) values (3632777, 19807);
insert into shipment (container_id, shiptrip_id) values (9461016, 27337);
insert into shipment (container_id, shiptrip_id) values (6174142, 46133);
insert into shipment (container_id, shiptrip_id) values (1899481, 56413);
insert into shipment (container_id, shiptrip_id) values (8579707, 23505);
insert into shipment (container_id, shiptrip_id) values (4091442, 44175);
insert into shipment (container_id, shiptrip_id) values (2479391, 94043);
insert into shipment (container_id, shiptrip_id) values (8209961, 94234);
insert into shipment (container_id, shiptrip_id) values (2275248, 65196);
insert into shipment (container_id, shiptrip_id) values (7926005, 85544);
insert into shipment (container_id, shiptrip_id) values (9819650, 3322);
insert into shipment (container_id, shiptrip_id) values (3794208, 28704);
insert into shipment (container_id, shiptrip_id) values (8463820, 9382);
insert into shipment (container_id, shiptrip_id) values (7629440, 27966);
insert into shipment (container_id, shiptrip_id) values (4511252, 69721);
insert into shipment (container_id, shiptrip_id) values (2365463, 54806);
insert into shipment (container_id, shiptrip_id) values (5888945, 85805);
insert into shipment (container_id, shiptrip_id) values (3230250, 44510);
insert into shipment (container_id, shiptrip_id) values (5499823, 66846);
insert into shipment (container_id, shiptrip_id) values (8260371, 74149);
insert into shipment (container_id, shiptrip_id) values (7930527, 58591);
insert into shipment (container_id, shiptrip_id) values (4839086, 86819);
insert into shipment (container_id, shiptrip_id) values (747312, 2810);
insert into shipment (container_id, shiptrip_id) values (6634063, 93286);
insert into shipment (container_id, shiptrip_id) values (5889914, 25808);
insert into shipment (container_id, shiptrip_id) values (8528515, 44193);
insert into shipment (container_id, shiptrip_id) values (8007835, 81050);
insert into shipment (container_id, shiptrip_id) values (3579669, 15781);
insert into shipment (container_id, shiptrip_id) values (608753, 20846);
insert into shipment (container_id, shiptrip_id) values (5740604, 1047);
insert into shipment (container_id, shiptrip_id) values (3698697, 74118);
insert into shipment (container_id, shiptrip_id) values (6528438, 25772);
insert into shipment (container_id, shiptrip_id) values (8411291, 85544);
insert into shipment (container_id, shiptrip_id) values (9036724, 41105);
insert into shipment (container_id, shiptrip_id) values (4516982, 94785);
insert into shipment (container_id, shiptrip_id) values (9451336, 60787);
insert into shipment (container_id, shiptrip_id) values (1534886, 64790);
insert into shipment (container_id, shiptrip_id) values (3800048, 32138);
insert into shipment (container_id, shiptrip_id) values (1659861, 3595);
insert into shipment (container_id, shiptrip_id) values (4698397, 21375);
insert into shipment (container_id, shiptrip_id) values (4474993, 38560);
insert into shipment (container_id, shiptrip_id) values (5785213, 25263);
insert into shipment (container_id, shiptrip_id) values (673592, 1047);
insert into shipment (container_id, shiptrip_id) values (9010538, 55771);
insert into shipment (container_id, shiptrip_id) values (6551119, 3021);
insert into shipment (container_id, shiptrip_id) values (700979, 5225);
insert into shipment (container_id, shiptrip_id) values (9540037, 25808);
insert into shipment (container_id, shiptrip_id) values (9716158, 25621);
insert into shipment (container_id, shiptrip_id) values (6990963, 53333);
insert into shipment (container_id, shiptrip_id) values (7350910, 3021);
insert into shipment (container_id, shiptrip_id) values (9396281, 47035);
insert into shipment (container_id, shiptrip_id) values (8592913, 57270);
insert into shipment (container_id, shiptrip_id) values (4680518, 93286);
insert into shipment (container_id, shiptrip_id) values (8611065, 86519);
insert into shipment (container_id, shiptrip_id) values (779562, 45145);
insert into shipment (container_id, shiptrip_id) values (4928211, 4269);
insert into shipment (container_id, shiptrip_id) values (232531, 30491);
insert into shipment (container_id, shiptrip_id) values (8634564, 29586);
insert into shipment (container_id, shiptrip_id) values (5870585, 92741);
insert into shipment (container_id, shiptrip_id) values (7260677, 38726);
insert into shipment (container_id, shiptrip_id) values (8182661, 8292);
insert into shipment (container_id, shiptrip_id) values (1070602, 44175);
insert into shipment (container_id, shiptrip_id) values (1420078, 53333);
insert into shipment (container_id, shiptrip_id) values (1959915, 71219);
insert into shipment (container_id, shiptrip_id) values (4568601, 3322);
insert into shipment (container_id, shiptrip_id) values (5802135, 23505);
insert into shipment (container_id, shiptrip_id) values (1269991, 40477);
insert into shipment (container_id, shiptrip_id) values (2292999, 1047);
insert into shipment (container_id, shiptrip_id) values (9071633, 83530);
insert into shipment (container_id, shiptrip_id) values (1186799, 3021);
insert into shipment (container_id, shiptrip_id) values (329216, 2085);
insert into shipment (container_id, shiptrip_id) values (2588960, 45077);
insert into shipment (container_id, shiptrip_id) values (297196, 82059);
insert into shipment (container_id, shiptrip_id) values (6783681, 25808);
insert into shipment (container_id, shiptrip_id) values (3574239, 7143);
insert into shipment (container_id, shiptrip_id) values (1482442, 94234);
insert into shipment (container_id, shiptrip_id) values (1746713, 50944);
insert into shipment (container_id, shiptrip_id) values (9104861, 93490);
insert into shipment (container_id, shiptrip_id) values (4935044, 29586);
insert into shipment (container_id, shiptrip_id) values (9408878, 46133);
insert into shipment (container_id, shiptrip_id) values (8622404, 59666);
insert into shipment (container_id, shiptrip_id) values (6377855, 3021);
insert into shipment (container_id, shiptrip_id) values (6261837, 45145);
insert into shipment (container_id, shiptrip_id) values (1047708, 44642);
insert into shipment (container_id, shiptrip_id) values (9017543, 19757);
insert into shipment (container_id, shiptrip_id) values (9261055, 64790);
insert into shipment (container_id, shiptrip_id) values (5932935, 45145);
insert into shipment (container_id, shiptrip_id) values (3537971, 71219);
insert into shipment (container_id, shiptrip_id) values (6569869, 87789);
insert into shipment (container_id, shiptrip_id) values (6792283, 65849);
insert into shipment (container_id, shiptrip_id) values (8245159, 19250);
insert into shipment (container_id, shiptrip_id) values (7872799, 56651);
insert into shipment (container_id, shiptrip_id) values (3024089, 97250);
insert into shipment (container_id, shiptrip_id) values (7316065, 97616);
insert into shipment (container_id, shiptrip_id) values (1613915, 93725);
insert into shipment (container_id, shiptrip_id) values (7475343, 80879);
insert into shipment (container_id, shiptrip_id) values (8981309, 21021);
insert into shipment (container_id, shiptrip_id) values (461488, 39818);
insert into shipment (container_id, shiptrip_id) values (1921969, 43865);
insert into shipment (container_id, shiptrip_id) values (8431247, 66561);
insert into shipment (container_id, shiptrip_id) values (9718528, 27326);
insert into shipment (container_id, shiptrip_id) values (2039415, 59666);
insert into shipment (container_id, shiptrip_id) values (9123645, 36138);
insert into shipment (container_id, shiptrip_id) values (5522284, 22465);
insert into shipment (container_id, shiptrip_id) values (1751836, 75990);
insert into shipment (container_id, shiptrip_id) values (9141379, 94043);
insert into shipment (container_id, shiptrip_id) values (6129428, 90710);
insert into shipment (container_id, shiptrip_id) values (3408095, 43976);
insert into shipment (container_id, shiptrip_id) values (7363472, 93490);
insert into shipment (container_id, shiptrip_id) values (6435778, 12599);
insert into shipment (container_id, shiptrip_id) values (9884139, 10091);
insert into shipment (container_id, shiptrip_id) values (5510888, 18467);
insert into shipment (container_id, shiptrip_id) values (6136649, 12930);
insert into shipment (container_id, shiptrip_id) values (6124069, 42463);
insert into shipment (container_id, shiptrip_id) values (7175725, 14642);
insert into shipment (container_id, shiptrip_id) values (6132963, 99454);
insert into shipment (container_id, shiptrip_id) values (8670947, 74909);
insert into shipment (container_id, shiptrip_id) values (2363466, 49375);
insert into shipment (container_id, shiptrip_id) values (9645498, 84542);
insert into shipment (container_id, shiptrip_id) values (5759689, 41105);
insert into shipment (container_id, shiptrip_id) values (7561087, 3595);
insert into shipment (container_id, shiptrip_id) values (3864073, 25808);
insert into shipment (container_id, shiptrip_id) values (8129763, 43865);
insert into shipment (container_id, shiptrip_id) values (8480231, 8755);
insert into shipment (container_id, shiptrip_id) values (2583199, 2229);
insert into shipment (container_id, shiptrip_id) values (942275, 74929);
insert into shipment (container_id, shiptrip_id) values (9552, 36138);
insert into shipment (container_id, shiptrip_id) values (1105433, 65138);
insert into shipment (container_id, shiptrip_id) values (5759153, 12930);
insert into shipment (container_id, shiptrip_id) values (6514294, 67486);
insert into shipment (container_id, shiptrip_id) values (3275050, 1047);
insert into shipment (container_id, shiptrip_id) values (1534226, 87087);
insert into shipment (container_id, shiptrip_id) values (1731480, 83271);
insert into shipment (container_id, shiptrip_id) values (5942866, 95706);
insert into shipment (container_id, shiptrip_id) values (8652406, 52107);
insert into shipment (container_id, shiptrip_id) values (1367337, 27337);
insert into shipment (container_id, shiptrip_id) values (5358636, 84968);
insert into shipment (container_id, shiptrip_id) values (8177710, 93490);
insert into shipment (container_id, shiptrip_id) values (2432242, 29353);
insert into shipment (container_id, shiptrip_id) values (2104782, 44175);
insert into shipment (container_id, shiptrip_id) values (1540751, 69721);
insert into shipment (container_id, shiptrip_id) values (4627318, 49375);
insert into shipment (container_id, shiptrip_id) values (1155765, 19807);
insert into shipment (container_id, shiptrip_id) values (1077908, 69721);
insert into shipment (container_id, shiptrip_id) values (787448, 79239);

--400 shipment inserted